Date,AQI,PM2.5,PM10,NO2,CO,O3
2015-03-31,120.0,47.03,,16.94,0.81,25.13
2015-04-01,112.0,40.62,,13.18,0.81,34.19
2015-04-02,117.8,43.1825,,14.34,0.85,31.97
2015-04-03,123.6,45.745,,22.86,1.07,36.15
2015-04-06,141.0,83.0,,12.91,0.89,33.67
2015-04-07,197.0,112.21,,17.06,1.05,30.68
2015-04-08,177.0,38.67,,9.28,0.73,23.53
2015-04-09,104.0,33.88,,13.18,0.8,21.58
2015-04-10,106.0,30.88,,12.34,0.76,22.8
2015-04-11,105.0,42.88,,17.22,0.87,32.93
2015-04-12,128.0,26.38,,8.78,1.41,32.86
2015-04-13,133.0,56.39,,13.36,1.13,40.11
2015-04-14,312.0,158.32,,20.35,0.95,40.52
2015-04-15,179.0,44.79,,15.29,0.8,30.83
2015-04-16,112.0,30.21,,12.22,0.76,33.59
2015-04-17,106.0,39.04,,15.82,0.84,39.94
2015-04-18,147.0,76.0,,33.56,1.3,35.28
2015-04-19,139.0,54.25,,21.04,1.0,41.52
2015-04-20,118.0,41.38,,15.76,0.86,32.44
2015-04-21,123.0,75.08,,15.17,0.81,29.91
2015-04-22,157.0,39.71,,18.78,1.02,23.51
2015-04-23,149.0,87.54,,17.45,1.14,37.94
2015-04-24,165.0,39.38,,12.68,0.76,42.52
2015-04-25,119.0,35.61,,7.42,0.81,51.44
2015-04-26,98.0,38.195,,17.87,0.85,45.375
2015-04-27,86.0,40.78,,28.32,0.89,39.31
2015-04-28,124.0,46.62,,18.93,0.83,39.74
2015-04-29,148.0,94.29,,18.65,0.72,38.94
2015-04-30,176.0,53.79,,19.14,1.01,52.57
2015-05-01,206.0,89.62,,29.62,1.41,38.94
2015-05-02,134.0,49.38,,14.38,0.75,48.14
2015-05-03,115.0,38.96,,13.74,0.69,46.87
2015-05-04,113.0,45.0,,17.31,0.74,42.93
2015-05-05,116.0,42.62,,15.34,0.76,50.1
2015-05-06,150.0,43.29,,18.21,1.52,51.13
2015-05-07,157.0,40.12,,18.06,1.83,32.89
2015-05-08,121.0,56.88,,26.23,0.88,39.26
2015-05-09,149.0,62.38,,22.78,0.89,43.05
2015-05-10,125.0,54.08,,16.65,0.73,42.66
2015-05-11,140.0,67.08,,21.67,0.89,28.16
2015-05-12,130.0,40.88,,13.54,0.65,33.0
2015-05-13,125.0,83.21,,21.74,0.76,19.97
2015-05-14,177.0,40.58,,8.42,0.85,22.67
2015-05-15,123.0,36.5,,8.52,0.86,16.09
2015-05-16,120.0,41.67,,11.99,0.99,20.62
2015-05-17,114.0,32.75,,9.74,0.73,33.49
2015-05-18,116.0,42.96,,13.2,1.01,40.72
2015-05-19,143.0,60.79,,18.36,1.33,39.48
2015-05-20,145.0,53.67,,16.05,1.23,36.86
2015-05-21,158.0,68.96,,20.16,1.73,45.08
2015-05-22,171.0,66.38,,18.99,1.4,36.66
2015-05-23,117.0,43.29,,13.27,0.67,39.2
2015-05-24,117.0,44.79,,13.64,0.72,29.71
2015-05-25,132.0,41.21,,11.5,0.9,29.88
2015-05-26,113.0,54.12,,15.75,0.88,32.89
2015-05-27,160.0,60.5,,12.31,1.21,39.2
2015-05-28,83.0,45.38,,10.4,0.23,44.57
2015-05-29,120.0,49.54,,15.76,0.79,44.58
2015-05-30,120.0,48.12,,11.3,0.79,46.28
2015-05-31,125.0,53.42,,13.81,0.8,50.6
2015-06-01,165.0,237.79,,9.84,0.78,48.34
2015-06-02,661.0,539.13,,8.57,0.73,37.95
2015-06-03,294.0,49.54,,14.49,0.88,42.6
2015-06-04,125.0,50.58,,11.94,0.81,49.06
2015-06-05,117.0,43.62,,14.44,0.82,43.08
2015-06-06,127.0,83.88,,15.72,0.85,41.62
2015-06-07,179.0,43.12,,20.71,1.14,22.47
2015-06-08,118.0,30.71,,11.84,0.75,23.72
2015-06-09,98.0,25.79,,12.17,0.72,18.8
2015-06-10,100.0,25.58,,14.21,0.76,24.68
2015-06-11,102.0,26.0,,13.23,0.69,24.27
2015-06-12,95.0,24.88,,11.33,0.75,20.85
2015-06-13,106.0,29.33,,12.49,0.94,16.93
2015-06-14,142.0,87.21,,9.67,1.14,9.61
2015-06-15,163.0,25.07,,6.58,0.64,15.04
2015-06-16,98.0,31.0,,8.18,0.67,15.78
2015-06-17,98.0,26.38,,8.22,0.68,15.3
2015-06-18,94.0,23.83,,6.55,0.62,15.7
2015-06-19,93.0,26.92,,8.71,0.63,17.3
2015-06-20,96.0,26.82,,8.36,0.64,15.62
2015-06-21,94.0,23.67,,7.91,0.73,9.46
2015-06-22,105.0,66.78,,5.87,0.67,15.55
2015-06-23,132.0,14.75,,4.18,0.62,15.72
2015-06-24,348.0,467.67,,4.07,0.62,16.44
2015-06-25,342.0,22.75,,4.24,0.61,16.51
2015-06-26,96.0,33.29,,7.34,0.63,15.3
2015-06-27,104.0,39.62,,9.26,0.66,15.64
2015-06-28,114.0,35.88,,10.35,0.89,21.59
2015-06-29,141.0,45.88,,18.72,1.3,12.32
2015-06-30,119.0,35.54,,12.07,0.79,16.23
2015-07-01,99.0,26.29,,5.89,0.62,21.08
2015-07-02,97.0,29.67,,10.41,0.76,15.48
2015-07-03,108.0,37.0,,9.01,0.72,23.39
2015-07-04,103.0,34.92,,8.77,0.65,24.33
2015-07-05,102.0,29.54,,5.22,0.58,22.7
2015-07-06,97.0,27.42,,5.97,0.58,20.65
2015-07-07,99.0,31.38,,6.78,0.58,14.79
2015-07-08,98.0,26.5,,5.32,0.6,14.69
2015-07-09,91.0,24.42,,4.88,0.59,16.3
2015-07-10,94.0,24.97,,4.45,0.58,17.02
2015-07-11,91.0,24.71,,5.87,0.64,16.06
2015-07-12,98.0,32.54,,7.14,0.79,17.01
2015-07-13,117.0,32.46,,6.24,0.64,20.17
2015-07-14,102.0,36.08,,8.45,0.73,17.43
2015-07-15,113.0,30.78,,7.49,0.87,13.39
2015-07-16,184.0,31.94,,8.43,2.23,14.15
2015-07-17,58.0,23.75,,6.3,0.25,11.07
2015-07-18,38.0,23.04,,5.28,0.24,10.84
2015-07-19,40.0,24.17,,5.33,0.22,9.41
2015-07-20,41.0,25.12,,5.65,0.24,11.09
2015-07-21,43.0,25.77,,7.09,0.26,9.13
2015-07-22,40.0,24.78,,7.0,0.27,9.71
2015-07-23,41.0,22.92,,7.27,0.32,13.11
2015-07-24,49.0,20.52,,5.95,0.29,14.19
2015-07-25,33.0,20.58,,5.33,0.24,15.79
2015-07-26,39.0,24.08,,5.95,0.26,12.82
2015-07-27,91.0,22.61,,5.5,0.61,16.21
2015-07-28,38.0,24.46,,5.82,0.22,13.88
2015-07-29,47.0,28.17,,7.71,0.22,12.75
2015-07-30,38.0,19.83,,8.28,0.21,13.68
2015-07-31,104.0,19.33,,8.52,0.77,16.41
2015-08-01,89.0,21.46,,8.91,0.68,19.35
2015-08-02,100.0,28.96,,9.68,0.65,23.61
2015-08-03,92.0,23.04,,8.62,0.64,19.85
2015-08-04,92.0,26.33,,9.38,0.65,16.03
2015-08-05,92.0,21.56,,8.86,0.66,17.39
2015-08-06,91.0,24.75,,10.77,0.68,10.13
2015-08-07,93.0,24.82,,10.82,0.67,14.44
2015-08-08,95.0,25.79,,10.57,0.67,13.17
2015-08-09,92.0,25.79,,10.61,0.68,11.26
2015-08-10,96.0,24.96,,10.62,0.69,13.77
2015-08-11,90.0,22.0,,10.29,0.7,11.77
2015-08-12,87.0,17.79,,8.7,0.65,11.51
2015-08-13,89.0,26.18,,9.68,0.66,12.1
2015-08-14,96.0,28.33,,12.02,0.69,12.29
2015-08-15,106.0,29.96,,11.94,0.81,13.63
2015-08-16,104.0,30.67,,13.33,0.91,9.85
2015-08-17,112.0,30.79,,13.48,0.83,13.55
2015-08-18,102.0,34.23,,15.1,0.88,16.88
2015-08-19,122.0,75.88,,15.6,0.84,18.66
2015-08-20,214.0,107.98,,12.71,0.75,21.14
2015-08-21,316.0,299.25,,12.06,0.73,15.34
2015-08-22,390.0,108.69,,16.27,0.46,14.94
2015-08-23,221.0,51.0,,16.72,0.74,15.04
2015-08-24,88.0,65.69,,16.69,0.34,14.93
2015-08-25,173.0,67.85,,18.4,0.71,18.63
2015-08-26,114.0,32.6,,16.37,0.68,19.52
2015-08-27,128.0,96.77,,21.29,0.77,15.83
2015-08-28,253.0,102.47,,21.15,0.72,15.27
2015-08-29,186.0,31.12,,16.07,0.66,16.65
2015-08-30,101.0,30.12,,17.82,0.71,14.33
2015-08-31,97.0,38.9,,12.8,0.7,13.46
2015-09-01,124.0,53.65,,11.61,0.71,16.57
2015-09-02,136.0,90.29,93.0,11.4,0.67,22.47
2015-09-03,263.0,96.48,85.8875,13.47,0.78,26.75
2015-09-04,237.0,161.72,78.775,14.42,0.85,27.06
2015-09-05,305.0,114.41,71.6625,16.11,0.84,24.37
2015-09-06,237.0,59.42,64.55,22.56,0.93,26.32
2015-09-07,114.0,48.83,30.79,22.54,0.86,29.29
2015-09-08,179.0,91.82,32.94,28.93,0.48,27.04
2015-09-09,162.0,35.56,40.81,31.15,0.57,22.48
2015-09-10,76.0,45.64,44.89,28.96,0.73,24.69
2015-09-11,140.0,60.88,51.27,30.64,0.53,24.11
2015-09-12,128.0,65.61,41.31,26.03,0.57,25.47
2015-09-13,164.0,60.02,36.67,19.82,0.49,37.7
2015-09-14,169.0,73.21,35.28,19.94,0.57,34.11
2015-09-15,189.0,83.87,30.48,20.0,0.59,25.88
2015-09-16,142.0,56.53,37.06,18.53,0.39,31.05
2015-09-17,112.0,33.03,29.64,12.01,0.41,24.33
2015-09-18,60.0,37.08,34.115,12.15,0.42,18.64
2015-09-19,114.0,95.29,38.59,14.22,0.45,11.03
2015-09-20,271.0,105.12,43.065000000000005,17.08,0.54,12.98
2015-09-21,217.0,86.36,47.540000000000006,12.23,0.37,16.22
2015-09-22,160.0,88.0,,14.96,0.48,18.37
2015-09-23,270.0,110.77,,16.17,0.45,18.29
2015-09-24,136.0,44.79,,13.31,0.44,22.66
2015-09-25,81.0,63.99,,12.99,0.5,21.64
2015-09-26,179.0,107.7,,13.3,0.46,16.89
2015-09-27,221.0,64.93,,9.84,0.33,24.23
2015-09-28,138.0,78.9,,15.42,0.44,26.14
2015-09-29,139.0,69.88,,11.01,0.37,20.63
2015-09-30,240.0,158.15,,8.66,0.41,20.48
2015-10-01,340.0,120.75,92.29,21.65,0.64,15.85
2015-10-02,125.0,29.66,76.0,25.94,0.6,17.4
2015-10-03,75.0,36.56,63.06,20.11,0.64,19.16
2015-10-04,85.0,42.69,59.29,17.81,1.22,21.98
2015-10-05,113.0,75.04,81.99,16.05,0.93,33.52
2015-10-06,231.0,136.45,108.82,11.76,0.66,32.21
2015-10-07,246.0,150.93,110.33,6.52,0.8,35.73
2015-10-08,244.0,116.24,110.09,7.43,0.71,35.25
2015-10-09,316.0,137.28,93.47,7.93,1.03,36.15
2015-10-10,219.0,69.24,81.48,2.3,1.09,33.97
2015-10-11,117.0,45.98,62.98,2.28,0.97,37.06
2015-10-12,182.0,106.66,94.07,2.56,1.43,32.81
2015-10-13,125.0,58.05,109.03,3.46,1.35,31.12
2015-10-14,189.0,124.14,105.62,6.46,1.06,33.14
2015-10-15,272.0,192.41,104.9,3.91,1.31,40.38
2015-10-16,266.0,118.66,116.1,1.87,0.87,35.3
2015-10-17,230.0,155.84,112.22,1.17,0.78,33.41
2015-10-18,210.0,59.6,107.16,0.95,0.61,33.85
2015-10-19,118.0,65.35,102.27,1.05,0.95,32.63
2015-10-20,179.0,116.35,116.14,2.84,1.05,29.83
2015-10-21,212.0,84.18,113.0,3.3,1.25,30.27
2015-10-22,156.0,86.98,116.0,1.94,0.62,35.23
2015-10-23,191.0,73.34,107.94,1.33,0.41,34.78
2015-10-24,185.0,133.6,104.98,0.85,1.05,44.17
2015-10-25,235.0,103.01,102.9,0.74,0.86,51.97
2015-10-26,210.0,95.22,101.17,0.74,0.84,48.38
2015-10-27,226.0,122.14,114.7,0.73,1.34,49.97
2015-10-28,227.0,81.18,97.96,0.67,1.28,44.62
2015-10-29,216.0,252.47,64.38,0.64,1.08,31.4
2015-10-30,487.0,516.2,82.97,0.62,1.09,38.74
2015-10-31,502.0,270.21,104.38,0.65,0.94,43.41
2015-11-01,188.0,31.56,94.33,0.71,1.02,37.57
2015-11-02,106.0,54.91,93.72,0.71,1.15,38.74
2015-11-03,120.0,56.93,97.74,1.18,0.96,29.23
2015-11-04,130.0,40.67,90.56,1.72,0.99,32.02
2015-11-05,103.0,50.03,90.53,4.47,0.96,36.49
2015-11-06,179.0,89.59,107.82,14.73,1.53,36.11
2015-11-07,206.0,86.87,105.81,14.84,0.93,32.53
2015-11-08,145.0,51.21,101.07,10.48,1.24,47.35
2015-11-09,114.0,53.87,118.33,15.98,0.59,40.12
2015-11-10,129.0,67.45,114.47,18.54,0.55,32.42
2015-11-11,135.0,85.48,115.5,17.0,0.78,38.48
2015-11-12,275.0,88.14,106.33,19.56,0.61,34.67
2015-11-13,157.0,72.77,111.94,15.59,0.61,29.49
2015-11-14,131.0,61.82,99.33,15.61,1.19,33.99
2015-11-15,144.0,70.51,100.62,16.18,1.2,33.14
2015-11-16,130.0,69.02,98.3,10.53,1.06,32.91
2015-11-17,128.0,44.27,107.15,6.38,0.81,31.61
2015-11-18,102.0,46.31,92.72,6.58,0.84,30.33
2015-11-19,110.0,37.76,102.3,5.1,0.89,38.1
2015-11-20,86.0,30.44,74.28,6.96,0.94,21.91
2015-11-21,92.0,38.88,106.93,9.18,0.93,33.12
2015-11-22,121.0,70.96,104.88,7.21,1.25,43.03
2015-11-23,97.0,46.04,98.22,7.92,0.76,40.99
2015-11-24,102.0,40.59,94.94,10.51,0.92,36.46
2015-11-25,119.0,69.37,112.36,15.65,1.1,26.89
2015-11-26,199.0,91.06,108.82,21.0,1.4,25.38
2015-11-27,172.0,83.12,115.67,16.36,1.1,33.04
2015-11-28,172.0,81.22,110.9,11.75,1.01,39.42
2015-11-29,164.0,67.13,109.51,9.39,0.97,46.11
2015-11-30,119.0,45.49,106.29,8.74,0.92,31.7
2015-12-01,101.0,38.24,102.51,10.07,0.93,28.27
2015-12-02,95.0,29.53,80.84,10.13,0.87,21.04
2015-12-03,99.0,45.97,98.69,17.38,0.85,28.81
2015-12-04,120.0,57.22,103.72,19.75,1.28,31.38
2015-12-05,127.0,61.11,109.53,16.02,1.04,24.0
2015-12-06,133.0,61.38,107.595,24.24,1.11,29.85
2015-12-07,160.0,79.25,105.66,22.09,1.17,24.41
2015-12-08,147.0,72.74,104.94,17.02,1.14,28.54
2015-12-09,137.0,60.2,104.11,16.7,1.12,29.88
2015-12-10,120.0,49.53,117.53,16.6,1.11,29.88
2015-12-11,101.0,24.85,64.47,12.14,0.91,20.59
2015-12-12,111.0,42.92,87.86,13.9,1.18,24.96
2015-12-13,124.0,57.34,93.23,9.76,0.86,31.37
2015-12-14,102.0,30.53,95.47,10.89,0.81,31.66
2015-12-15,100.0,30.54,98.14,14.83,0.89,32.98
2015-12-16,101.0,33.68,85.59,12.81,0.85,30.43
2015-12-17,92.0,33.48,81.25,12.47,0.8,28.24
2015-12-18,98.0,36.17,75.84,12.44,0.94,27.24
2015-12-19,101.0,38.31,103.29,13.32,1.03,22.6
2015-12-20,104.0,45.87,98.28,8.87,0.88,27.92
2015-12-21,93.0,30.24,82.51,11.64,0.6,28.87
2015-12-22,102.0,59.23,84.19,13.39,0.92,31.1
2015-12-23,115.0,38.41,83.4,12.88,0.8,30.15
2015-12-24,113.0,60.86,108.11,11.42,0.99,52.28
2015-12-25,142.0,74.08,94.0,8.91,0.91,72.53
2015-12-26,174.0,79.9,99.88,12.23,1.26,83.35
2015-12-27,176.0,79.52,97.83,14.89,1.26,61.51
2015-12-28,148.0,65.91,99.88,21.23,1.57,30.85
2015-12-29,147.0,68.43,98.43,27.59,1.52,23.09
2015-12-30,171.0,83.76,102.69,29.6,1.71,22.94
2015-12-31,213.0,177.62,98.01,25.5,1.73,25.9
2016-01-01,387.0,232.83,108.2,17.35,1.45,27.64
2016-01-02,211.0,71.44,111.72,16.6,1.15,38.01
2016-01-03,145.0,66.92,105.15,15.35,1.23,35.08
2016-01-04,177.0,134.61,109.29,15.94,1.27,34.33
2016-01-05,218.0,80.83,113.23,16.65,1.21,34.37
2016-01-06,205.0,109.82,105.67,19.71,1.33,35.03
2016-01-07,195.0,66.19,102.61,13.35,0.93,42.99
2016-01-08,145.0,69.27,100.47,18.17,1.14,47.4
2016-01-09,228.0,97.2,108.77,20.69,1.26,46.2
2016-01-10,200.0,72.09,101.26,19.99,1.17,62.68
2016-01-11,159.0,71.44,107.05,19.87,1.21,51.86
2016-01-12,219.0,129.67,103.49,22.42,1.39,49.16
2016-01-13,257.0,103.44,99.88,21.93,1.22,53.34
2016-01-14,216.0,60.76,98.54,13.38,0.91,69.54
2016-01-15,155.0,56.01,104.73,7.15,0.73,68.31
2016-01-16,148.0,58.57,93.52,9.91,0.93,74.69
2016-01-17,161.0,54.12,99.69,8.61,1.05,74.38
2016-01-18,171.0,43.05,82.25,9.64,0.78,74.51
2016-01-19,152.0,50.38,79.94,9.39,0.74,39.71
2016-01-20,128.0,75.11,102.17,12.5,1.02,19.6
2016-01-21,147.0,62.65,114.92,10.2,0.78,37.85
2016-01-22,117.0,51.14,103.09,10.0,0.92,50.35
2016-01-23,118.0,66.16,97.42,13.23,0.99,48.7
2016-01-24,149.0,73.91,105.01,10.36,0.89,44.51
2016-01-25,148.0,69.02,103.83,6.65,1.25,42.29
2016-01-26,120.0,63.61,101.29,2.7,0.98,50.63
2016-01-27,133.0,58.2,94.48,2.75,0.81,28.75
2016-01-28,117.0,66.76,103.98,2.59,1.24,0.1
2016-01-29,112.0,60.79,101.32,3.01,1.76,21.78
2016-01-30,110.0,61.3,95.96,2.88,1.94,20.34
2016-01-31,139.0,77.8,99.57,2.87,1.32,0.1
2016-02-01,136.0,67.17,104.62,2.76,1.43,0.1
2016-02-02,120.0,58.73,96.69,2.9,0.86,0.1
2016-02-03,112.0,57.81,100.26,3.04,1.73,0.1
2016-02-04,108.0,103.27,95.5,8.26,1.25,5.79
2016-02-05,174.0,68.56,107.67,13.49,0.98,35.46
2016-02-06,137.0,61.7,102.86,10.58,1.12,45.37
2016-02-07,121.0,61.74,101.15,8.97,0.92,45.44
2016-02-08,134.0,69.72,108.26,10.01,0.86,37.8
2016-02-09,149.0,72.39,106.72,11.19,1.02,40.99
2016-02-10,137.0,62.0,99.08,12.15,0.92,46.72
2016-02-11,124.0,66.95,109.31,10.13,0.92,51.08
2016-02-12,122.0,61.41,96.56,10.43,0.68,49.34
2016-02-13,120.0,62.77,102.95,10.25,0.89,50.96
2016-02-14,120.0,58.29,100.33,7.93,0.94,38.25
2016-02-15,116.0,56.27,98.59,9.52,0.67,33.34
2016-02-16,123.0,37.03,72.15,9.96,1.1,24.56
2016-02-17,95.0,47.56,121.88,12.95,0.93,35.93
2016-02-18,102.0,45.02,107.06,11.18,0.99,28.3
2016-02-19,100.0,44.95,91.3,12.82,1.06,25.76
2016-02-20,134.0,173.37,113.67,17.14,1.22,31.91
2016-02-21,442.0,525.09,94.0,19.14,1.57,37.36
2016-02-22,510.0,353.58,95.54,16.83,1.17,38.86
2016-02-23,235.0,65.95,107.3,10.53,0.82,43.44
2016-02-24,115.0,50.22,95.03,9.25,0.79,41.45
2016-02-25,113.0,53.47,101.93,10.41,0.9,43.55
2016-02-26,109.0,48.65,96.82,7.94,0.89,26.1
2016-02-27,100.0,29.42,80.62,8.1,0.87,24.43
2016-02-28,99.0,36.27,91.18,9.6,0.79,22.35
2016-02-29,98.0,33.01,93.99,9.41,0.92,27.62
2016-03-01,102.0,38.91,86.74,8.86,0.88,33.92
2016-03-02,106.0,48.34,98.72,10.22,1.08,39.26
2016-03-03,110.0,50.06,88.76,12.11,1.0,45.55
2016-03-04,117.0,63.29,99.76,12.41,1.08,44.08
2016-03-05,129.0,65.76,105.71,12.36,1.1,47.03
2016-03-06,118.0,43.36,96.52,10.03,0.87,40.23
2016-03-07,100.0,38.93,85.11,8.1,0.77,40.82
2016-03-08,98.0,41.44,75.47,9.64,0.75,38.46
2016-03-09,118.0,50.81,86.52,13.18,1.33,41.84
2016-03-10,121.0,60.66,98.21,15.99,1.14,32.62
2016-03-11,117.0,63.93,96.69,16.48,1.11,36.32
2016-03-12,135.0,63.41,109.62,13.84,0.96,38.78
2016-03-13,121.0,57.96,98.74,8.84,0.82,47.36
2016-03-14,126.0,63.41,96.78,8.98,0.86,46.51
2016-03-15,109.0,48.22,87.46,8.51,0.85,25.95
2016-03-16,106.0,49.29,83.28,13.73,0.83,30.63
2016-03-17,111.0,45.8,77.21,13.46,1.05,28.15
2016-03-18,98.0,54.89,98.88,8.015,0.83,55.67
2016-03-19,95.0,52.53,91.79,2.57,1.01,45.44
2016-03-20,111.0,65.12,98.55,2.69,1.37,36.69
2016-03-21,112.0,56.19,105.42,3.0,1.66,28.03
2016-03-22,121.0,56.72,103.22,3.09,1.53,45.66
2016-03-23,123.0,77.4,101.33,14.08,1.68,42.17
2016-03-24,160.0,73.6,105.96,10.41,0.85,53.31
2016-03-25,151.0,73.9,104.01,11.53,1.01,52.35
2016-03-26,134.0,61.09,106.24,11.4,0.91,49.85
2016-03-27,141.0,69.37,108.55,9.86,1.0,62.11
2016-03-28,138.0,64.25,111.27,9.19,1.18,55.42
2016-03-29,123.0,58.28,101.14,11.1,1.12,50.93
2016-03-30,125.0,55.96,95.45,11.15,1.13,46.22
2016-03-31,92.0,43.84,89.56,10.39,0.66,42.02
2016-04-01,103.0,57.97,99.89,11.52,0.9,47.76
2016-04-02,102.0,56.44,100.69,17.900000000000002,1.03,50.64
2016-04-03,103.0,70.8,100.96,24.28,0.84,54.71
2016-04-04,146.0,53.75,104.14,24.81,1.21,50.46
2016-04-05,103.0,52.91,116.28,34.56,0.86,47.1
2016-04-06,117.0,50.6,114.32,33.59,1.5,43.43
2016-04-07,120.0,42.22,96.54,31.94,0.96,45.28
2016-04-08,88.0,31.46,84.57,35.11,0.8,47.55
2016-04-09,77.0,31.88,70.0,32.42,0.87,35.94
2016-04-10,79.0,28.04,75.69,34.6,0.82,40.03
2016-04-11,99.0,46.8,100.44,34.5,1.24,44.25
2016-04-12,117.0,48.99,87.94,34.56,1.61,41.0
2016-04-13,116.0,55.96,98.92,31.16,1.24,40.31
2016-04-14,131.0,66.47,109.42,37.0,1.2,42.49
2016-04-15,121.0,54.58,102.11,23.02,0.83,50.46
2016-04-16,125.0,70.92,96.84,21.28,1.05,48.14
2016-04-17,151.0,63.68,95.59,20.25,0.97,40.9
2016-04-18,139.0,51.86,108.24,28.92,1.2,27.96
2016-04-19,107.0,37.66,78.68,27.73,1.1,26.39
2016-04-20,105.0,45.0,93.9,33.13,1.02,29.12
2016-04-21,120.0,48.65,87.02,33.5,1.3,36.99
2016-04-22,100.0,41.99,103.25,41.0,1.06,40.99
2016-04-23,101.0,26.0,93.08,21.79,0.6,58.17
2016-04-24,91.0,31.71,91.35,40.485,0.345,57.73
2016-04-25,96.5,37.42,89.62,59.18,0.09,57.29
2016-04-26,102.0,56.86,109.0,44.83,0.17,39.46
2016-04-27,129.0,52.96,108.3,34.44,0.9,24.33
2016-04-28,110.0,44.3,89.26,34.53,0.51,34.32
2016-04-29,99.0,40.1,85.11,32.79,0.48,31.34
2016-04-30,100.0,33.33,76.71,31.35,0.47,47.78
2016-05-01,108.0,46.08,107.77,31.1,0.49,40.05
2016-05-02,104.0,37.28,84.02,26.57,0.43,52.45
2016-05-03,116.0,40.37,87.52,35.95,0.71,34.06
2016-05-04,92.0,30.1,56.02,20.72,0.38,49.45
2016-05-05,67.0,29.22,60.54,29.21,0.39,41.7
2016-05-06,72.0,60.88,66.45,44.45,0.7,26.27
2016-05-07,90.0,89.48,94.11,59.85,1.08,34.35
2016-05-08,156.0,40.12,50.94,35.16,1.65,43.27
2016-05-09,167.0,50.76,82.05,33.2,1.27,41.24
2016-05-10,105.0,30.45,56.0,44.42,1.27,35.04
2016-05-11,105.0,60.7,81.89,51.24,1.42,24.56
2016-05-12,135.0,51.09,96.09,46.69,1.66,38.0
2016-05-13,110.0,45.67,82.71,38.21,0.94,44.28
2016-05-14,110.0,46.24,90.98,35.88,0.9,51.78
2016-05-15,95.0,31.02,65.19,25.0,0.82,29.69
2016-05-16,92.0,28.39,73.3,29.68,0.79,31.52
2016-05-17,83.0,23.03,66.3,28.72,0.69,22.35
2016-05-18,84.0,29.65,72.39,28.29,0.84,23.33
2016-05-19,86.0,34.57,68.51,26.2,0.65,22.0
2016-05-20,92.0,29.56,53.7,19.21,0.6,32.38
2016-05-21,105.0,32.82,71.8,16.81,0.48,16.96
2016-05-22,93.0,34.45,87.0,22.97,0.67,18.1
2016-05-23,95.0,30.51,66.12,22.26,0.58,18.19
2016-05-24,87.0,31.95,72.51,24.79,0.63,20.13
2016-05-25,104.0,48.62,67.89,23.86,0.59,19.21
2016-05-26,147.0,42.25,44.45,22.65,0.52,22.3
2016-05-27,85.0,26.64,57.84,19.09,0.51,28.01
2016-05-28,80.0,25.43,63.82,20.32,0.53,29.17
2016-05-29,85.0,26.04,76.71,21.04,0.57,27.41
2016-05-30,189.0,29.5,76.22444444444444,13.95,2.59,22.62
2016-05-31,100.0,31.88,75.73888888888888,18.0,0.93,20.77
2016-06-01,111.0,39.88,75.25333333333333,22.05,0.94,21.89
2016-06-02,88.0,35.64,74.76777777777777,17.85,0.48,21.19
2016-06-03,112.0,39.59,,22.33,0.89,25.0
2016-06-04,112.0,29.21,,12.83,0.73,35.81
2016-06-05,101.0,36.13,,13.02,0.79,35.42
2016-06-06,107.0,37.4,,14.63,0.8,38.04
2016-06-07,131.0,40.65,,25.02,1.5,24.97
2016-06-08,150.0,35.65,,15.98,1.23,26.72
2016-06-09,106.0,34.02,,13.95,0.79,27.2
2016-06-10,108.0,31.34,,10.86,0.71,31.8
2016-06-11,117.0,29.75,,11.1,1.29,15.25
2016-06-12,100.0,27.26,,12.64,0.69,15.37
2016-06-13,109.0,63.07,,10.21,0.65,16.0
2016-06-14,125.0,27.86,,9.75,0.67,17.5
2016-06-15,199.0,363.14,,10.54,0.68,13.11
2016-06-16,737.0,571.02,,10.7,1.07,16.81
2016-06-17,295.0,41.17,,8.3,0.59,28.2
2016-06-18,67.0,34.72,,15.23,0.4,21.42
2016-06-19,115.0,34.07,,12.21,0.77,13.51
2016-06-20,131.0,29.26,,10.64,1.16,13.6
2016-06-21,105.0,33.96,,15.16,0.99,16.7
2016-06-22,146.0,24.56,,11.26,1.18,18.23
2016-06-23,90.0,22.38,,10.11,0.7,20.15
2016-06-24,88.0,18.01,,10.22,0.66,18.51
2016-06-25,88.0,21.54,,9.74,0.64,14.55
2016-06-26,90.0,24.5,,9.42,0.68,15.04
2016-06-27,123.0,20.94,,9.17,1.02,13.17
2016-06-28,106.0,66.04,,10.91,0.7,6.28
2016-06-29,126.0,20.5,,11.42,0.66,9.19
2016-06-30,88.0,19.67,,8.87,0.63,13.09
2016-07-01,88.0,22.42,,11.55,0.7,8.59
2016-07-02,97.0,34.0,,8.84,0.66,11.61
2016-07-03,104.0,34.0,,8.37,0.72,10.13
2016-07-04,163.0,121.18,,7.2,1.03,9.39
2016-07-05,252.0,21.64,,7.53,1.05,8.83
2016-07-06,37.0,163.16,,10.55,0.32,10.08
2016-07-07,205.0,30.92,,9.64,0.66,9.4
2016-07-08,99.0,26.24,,8.32,0.63,10.69
2016-07-09,91.0,22.79,,8.77,0.66,7.52
2016-07-10,107.0,62.03,,8.55,0.66,8.54
2016-07-11,307.0,357.85,,6.94,1.03,10.16
2016-07-12,495.0,206.93,,7.81,1.06,11.6
2016-07-13,194.0,9.92,,8.48,1.07,12.97
2016-07-14,88.0,16.89,,10.87,0.7,12.3
2016-07-15,94.0,20.57,,12.83,0.71,14.77
2016-07-16,120.0,19.97,,14.16,1.12,13.64
2016-07-17,98.0,22.85,,18.06,0.87,11.52
2016-07-18,92.0,14.22,,17.92,0.64,15.53
2016-07-19,36.0,8.95,,14.39,0.43,6.92
2016-07-20,155.0,10.6,,8.3,1.02,10.45
2016-07-21,120.0,13.04,,8.78,1.1,8.07
2016-07-22,138.0,49.97,,9.3,1.09,10.21
2016-07-23,127.0,11.62,,7.29,1.2,11.86
2016-07-24,204.0,14.36,,7.94,1.32,15.34
2016-07-25,131.0,13.15,,10.61,1.32,12.4
2016-07-26,135.0,15.94,,11.71,1.46,8.19
2016-07-27,66.0,52.59,,15.72,0.7,11.21
2016-07-28,248.0,20.6,,15.87,8.83,9.17
2016-07-29,247.0,16.93,,12.04,8.34,8.35
2016-07-30,265.0,21.67,,10.55,7.72,7.72
2016-07-31,240.0,10.64,,8.5,6.46,6.46
2016-08-01,232.0,10.24,,8.01,6.08,6.08
2016-08-02,242.0,6.01,,7.35,7.25,7.25
2016-08-03,234.0,4.83,,7.3,5.32,7.0
2016-08-04,121.0,6.41,,7.9,1.07,6.9
2016-08-05,117.0,5.81,,7.43,1.19,8.76
2016-08-06,22.0,7.29,,8.52,0.75,9.19
2016-08-07,82.0,6.38,,7.69,0.66,9.5
2016-08-08,119.0,9.67,,9.49,1.09,9.91
2016-08-09,86.0,8.86,41.75,8.99,0.68,10.1
2016-08-10,84.0,9.41,38.77,8.64,0.45,9.76
2016-08-11,63.0,7.81,26.51,9.11,0.44,9.13
2016-08-12,120.0,9.77,27.465238095238096,8.03,0.5,9.19
2016-08-13,118.42857142857143,9.804499999999999,28.42047619047619,11.4315,0.0,9.481
2016-08-14,116.85714285714286,9.839,28.43095238095238,14.832999999999998,0.0,9.772
2016-09-02,87.0,6.31,28.63,44.71,0.39,13.53
2016-09-03,78.0,10.4,30.27,57.09,0.45,14.46
2016-09-04,49.0,23.0,62.17,46.21,0.07,14.74
2016-09-05,67.0,15.46,65.0,52.18,0.22,14.68
2016-09-06,85.0,28.28,87.32,74.51,0.27,14.26
2016-09-07,97.0,37.15,99.05,84.52,0.39,13.15
2016-09-08,93.0,25.0,82.86,78.74,0.2,15.26
2016-09-09,92.5,35.34,103.41,74.42,0.21,14.06
2016-09-10,92.0,37.09,82.11,78.98,0.37,15.02
2016-09-11,66.0,24.59,59.97,70.69,0.32,16.52
2016-09-12,65.0,30.49,69.68,59.25,0.28,15.39
2016-09-13,66.0,23.2,43.26,42.07,0.31,22.48
2016-09-14,55.0,23.25,46.02,42.44,0.13,21.14
2016-09-15,70.0,15.79,36.7,46.68,0.15,18.76
2016-09-16,59.0,10.75,22.54,35.0,0.27,8.26
2016-09-17,59.75,9.5,21.44,38.39,0.06,10.39
2016-09-18,60.5,8.31,23.135,34.394999999999996,0.0,18.91
2016-09-20,62.0,9.93,21.82,31.44,0.25,24.77
2016-09-21,52.0,17.82,31.93,38.08,0.11,21.43
2016-09-22,52.0,13.08,34.21,37.98,0.1,26.59
2016-09-23,34.0,7.0,11.0,43.87,0.09,17.76
2016-09-24,50.0,11.61,21.72,32.33,0.25,25.15
2016-09-25,66.0,21.28,37.15,43.64,0.17,21.7
2016-09-26,82.0,31.01,71.78,49.62,0.24,21.89
2016-09-27,78.0,33.84,76.67,51.19,0.3,23.63
2016-09-28,86.0,42.99,91.44,57.36,0.11,25.64
2016-09-29,100.0,39.5,103.83,53.2,0.17,27.93
2016-09-30,103.0,37.67,101.49,45.98,0.01,35.03
2016-10-01,70.0,16.68,31.02,42.12,0.24,29.57
2016-10-02,55.0,13.57,24.85,41.65,0.11,30.28
2016-10-03,72.0,12.72,33.72,26.93,0.19,25.02
2016-10-04,47.0,11.98,35.51,42.12,0.03,22.95
2016-10-05,73.0,9.83,32.3,35.58,0.07,23.2
2016-10-06,56.0,15.29,52.36,47.47,0.1,20.62
2016-10-07,63.0,15.45,57.53,40.95,0.2,23.05
2016-10-08,55.0,16.38,37.54,39.15,0.08,22.36
2016-10-09,65.0,12.88,45.38,45.99,0.05,30.7
2016-10-10,78.66666666666667,42.0,94.08,32.55,0.25,39.61
2016-10-11,92.33333333333333,45.275,101.175,39.015,0.0,33.61
2016-10-12,106.0,48.55,108.27,45.48,0.43,27.61
2016-10-13,104.0,50.52,99.86,63.89,0.65,26.79
2016-10-14,97.0,44.48,94.36,73.13,0.62,33.44
2016-10-15,97.0,45.06,101.0,61.79,0.59,38.65
2016-10-16,108.0,56.83,104.28,75.39,0.79,33.68
2016-10-17,100.0,54.95,94.42,87.44,0.53,26.69
2016-10-18,97.0,60.17,94.51,92.33,0.59,25.99
2016-10-19,103.0,58.85,101.67,75.82,0.97,35.87
2016-10-20,104.0,61.53,106.2,77.75,0.81,35.26
2016-10-21,102.0,59.04,100.29,71.09,0.51,35.03
2016-10-22,104.0,54.48,108.28,79.11,0.39,34.31
2016-10-23,111.0,56.355,106.91,86.29,0.55,40.26
2016-10-24,107.0,58.23,108.26,66.72,0.3,29.52
2016-10-25,114.0,64.18,103.01,68.11,0.38,27.18
2016-10-26,107.0,61.11,105.64,60.83,0.33,38.81
2016-10-27,117.0,64.35,101.48,50.97,0.33,56.45
2016-10-28,116.0,62.16,99.01,41.2,0.38,70.1
2016-10-29,130.0,73.11,104.96,49.76,0.5,56.15
2016-10-30,129.0,63.6,97.16,25.39,0.33,55.87
2016-10-31,106.0,58.15,84.2,24.36,0.54,46.88
2016-11-01,118.0,73.45,106.62,35.18,0.57,58.59
2016-11-02,134.0,64.93,100.92,22.8,0.35,68.19
2016-11-03,104.0,61.75,97.54,23.49,0.35,58.34
2016-11-04,113.0,65.1,101.16,13.74,0.36,58.26
2016-11-05,151.0,67.23,100.75,31.41,0.26,66.88
2016-11-06,119.0,65.76,104.57,25.01,0.36,66.89
2016-11-07,124.0,66.65,112.8,18.35,0.35,72.73
2016-11-08,112.0,60.51,107.1,36.85,0.47,66.96
2016-11-09,147.0,65.33,103.8,42.02,0.45,74.13
2016-11-10,144.0,71.55,106.32,56.07,0.45,79.48
2016-11-11,129.0,62.24,97.74,52.96,0.92,79.89
2016-11-12,152.0,61.83,104.38,53.12,0.61,92.1
2016-11-13,163.0,60.96,98.46,48.17,0.64,91.75
2016-11-14,122.0,61.46,99.72,45.51,0.74,59.28
2016-11-15,125.0,67.56,102.5,35.21,0.54,55.35
2016-11-16,140.0,59.73,101.38,36.72,0.59,78.43
2016-11-17,104.0,63.35,103.32,38.09,0.49,75.33
2016-11-18,133.0,61.71,95.29,41.53,0.45,76.18
2016-11-19,141.0,61.8,98.96,58.71,0.52,67.7
2016-11-20,122.0,61.0,96.5,63.32,0.57,64.43
2016-11-21,105.0,55.76,85.33,59.47,0.51,53.54
2016-11-22,98.0,60.32,89.17,65.82,0.5,42.62
2016-11-23,124.0,62.65,91.64,51.12,0.52,63.49
2016-11-24,162.0,64.38,95.85,60.39,0.64,67.2
2016-11-25,136.0,63.41,102.09,37.87,0.59,50.88
2016-11-26,109.0,52.96,90.29,8.25,0.55,32.64
2016-11-27,106.0,59.95,98.75,5.3,0.5,51.89
2016-11-28,105.0,63.92,103.2,5.31,0.49,57.06
2016-11-29,113.0,55.4,95.5,27.3,0.3,49.06
2016-11-30,100.0,58.98,95.61,72.0,0.43,44.92
2016-12-01,103.0,58.86,97.97,54.03,0.38,49.67
2016-12-02,96.0,61.32,101.59,54.28,0.17,38.95
2016-12-03,112.0,57.06,89.69,38.29,0.28,33.69
2016-12-04,94.0,59.44,94.88,40.89,0.41,32.84
2016-12-05,112.0,66.0,104.04,46.01,0.49,39.49
2016-12-06,115.0,65.98,100.21,43.82,0.46,62.06
2016-12-07,109.0,58.07,91.26,58.31,0.32,47.96
2016-12-08,110.0,60.69,102.1,64.12,0.36,53.68
2016-12-09,126.0,63.73,106.83,60.81,0.29,62.7
2016-12-10,117.0,61.83,103.12,60.63,0.38,54.68
2016-12-11,104.0,61.79,97.38,68.61,0.37,50.84
2016-12-12,103.0,48.86,104.26,58.18,0.45,45.44
2016-12-13,105.0,60.56,103.88,55.27,0.26,37.38
2016-12-14,82.0,44.66,62.82,27.18,0.28,36.95
2016-12-15,96.0,57.33,93.83,49.45,0.25,27.81
2016-12-16,133.0,64.61,96.25,48.99,0.28,44.11
2016-12-17,117.0,56.65,95.79,60.92,0.47,40.88
2016-12-18,96.0,54.74,94.68,62.77,0.33,40.87
2016-12-19,102.0,61.36,96.74,65.8,0.32,46.78
2016-12-20,117.0,60.03,94.81,67.81,0.34,56.91
2016-12-21,106.0,54.24,95.55,73.32,0.42,49.4
2016-12-22,102.0,58.12,96.04,67.71,0.36,49.82
2016-12-23,101.0,60.2,95.54,67.78,0.33,42.22
2016-12-24,104.0,60.28,103.11,70.51,0.43,55.7
2016-12-25,106.0,61.28,103.5,58.82,0.51,63.02
2016-12-26,106.0,53.5,99.82,55.26,0.73,51.25
2016-12-27,95.0,54.32,92.67,69.63,0.74,49.14
2016-12-28,160.0,62.67,101.25,73.53,0.45,74.29
2016-12-29,124.0,60.05,98.82,58.31,0.48,57.89
2016-12-30,160.0,61.49,104.8,49.74,0.37,80.55
2016-12-31,173.0,61.98,110.38,40.04,0.28,83.19
2017-01-01,110.0,61.25,100.46,39.37,0.25,69.11
2017-01-02,103.0,47.21,80.12,52.0,0.33,47.61
2017-01-03,103.0,65.45,132.09,58.68,0.31,50.37
2017-01-04,215.0,116.03,197.89,58.2,0.15,56.42
2017-01-05,276.0,96.21,162.27,57.6,0.0,45.66
2017-01-06,158.0,75.89,147.99,69.76,0.0,36.8
2017-01-07,137.0,63.83,104.25,37.49,0.0,58.44
2017-01-08,102.0,62.34,100.56,34.38,0.0,52.76
2017-01-09,96.0,51.67,80.46,30.24,0.0,60.3
2017-01-10,98.0,61.42,112.53,36.21,0.0,53.49
2017-01-11,163.0,82.34,168.93,49.71,0.0,49.64
2017-01-12,236.0,115.47,212.64,55.94,0.0,51.68
2017-01-13,281.0,108.41,166.25,49.01,0.0,43.54
2017-01-14,183.0,73.75,114.17,38.15,0.0,47.92
2017-01-15,164.0,81.72,120.38,39.02,0.0,42.95
2017-01-16,184.0,83.39,140.24,52.77,0.0,30.43
2017-01-17,133.0,64.14,116.31,49.49,0.0,32.75
2017-01-18,126.0,54.56,81.16,34.26,0.0,58.14
2017-01-19,104.0,67.09,109.2,38.78,0.0,66.33
2017-01-20,150.0,76.51,135.24,49.29,0.0,55.29
2017-01-21,156.0,69.51,137.83,63.8,0.0,48.08
2017-01-22,113.0,60.61,111.85,49.44,0.0,53.25
2017-01-23,156.0,83.79,150.97,52.58,0.0,53.54
2017-01-24,151.0,71.49,148.62,50.58,0.0,53.29
2017-01-25,149.0,76.94,144.81,47.79,0.0,58.67
2017-01-26,132.0,64.21,108.56,32.92,0.0,75.82
2017-01-27,100.0,56.14,100.4,41.9,0.0,51.86
2017-01-28,115.0,68.79,131.75,43.74,0.0,43.59
2017-01-29,199.0,85.73,157.28,53.72,0.0,49.54
2017-01-30,129.0,62.96,124.01,60.35,0.0,56.94
2017-01-31,110.0,54.98,115.66,46.64,0.0,53.74
2017-02-01,151.0,44.56,87.45,35.7,0.0,74.98
2017-02-02,102.0,52.36,96.1,37.44,0.0,68.59
2017-02-03,113.0,58.81,109.98,42.23,0.0,76.03
2017-02-04,149.0,68.29,141.85,52.03,0.0,82.95
2017-02-05,164.0,56.73,117.29,45.95,0.0,98.75
2017-02-06,118.0,64.14,136.36,52.4,0.0,61.34
2017-02-07,185.0,93.54,188.21,60.66,0.0,42.44
2017-02-08,180.0,83.13,163.13,51.31,0.0,45.33
2017-02-09,161.0,70.3,134.14,45.89,0.0,50.11
2017-02-10,121.0,64.97,108.1,35.98,0.0,67.42
2017-02-11,115.0,41.77,105.1,27.85,0.0,64.54
2017-02-12,78.0,39.67,102.1,32.34,0.0,47.55
2017-02-13,107.5,42.59,99.1,24.07,0.0,79.28
2017-02-14,137.0,62.32,115.04,35.19,0.0,57.4
2017-02-15,123.0,66.1,129.76,40.94,0.08,38.79
2017-02-16,158.0,85.12,173.28,46.28,0.11,40.55
2017-02-17,193.0,82.76,203.34,46.37,0.28,37.61
2017-02-18,179.0,75.46,197.99,46.97,0.24,39.71
2017-02-19,141.0,63.58,163.83,40.25,0.23,50.72
2017-02-20,160.0,57.61,157.84,35.93,0.25,39.94
2017-02-21,128.0,53.34,144.79,44.31,0.24,39.26
2017-02-22,161.0,65.52,167.51,46.93,0.27,49.52
2017-02-23,164.0,72.0,184.43,48.13,0.28,52.2
2017-02-24,183.0,68.68,178.16,44.73,0.21,56.79
2017-02-25,165.0,80.73,198.07,46.49,0.21,51.85
2017-02-26,165.0,64.09,163.99,44.5,0.22,57.97
2017-02-27,179.0,55.13,148.99,39.79,0.28,64.27
2017-02-28,197.0,69.06,177.21,45.33,0.23,64.43
2017-03-01,166.0,63.3,161.94,38.86,0.24,38.61
2017-03-02,147.0,57.86,130.83,29.63,0.19,42.14
2017-03-03,142.0,28.95,87.02,25.79,0.14,51.83
2017-03-04,116.0,32.73,90.8,25.01,0.16,68.85
2017-03-05,102.0,31.06,69.14,19.79,0.14,55.32
2017-03-06,106.0,42.16,106.15,28.0,0.17,50.93
2017-03-07,109.0,35.62,80.09,17.76,0.14,55.68
2017-03-08,124.0,45.6,118.95,28.85,0.13,57.87
2017-03-09,181.0,77.14,189.5,45.09,0.2,47.16
2017-03-10,113.0,30.97,89.71,24.09,0.12,42.43
2017-03-11,108.0,30.33,111.84,33.13,0.11,43.3
2017-03-12,117.0,43.8,146.18,41.87,0.16,44.15
2017-03-13,143.0,63.7,181.89,42.87,0.21,52.81
2017-03-14,161.0,50.64,132.94,37.51,0.16,50.11
2017-03-15,95.0,21.27,57.52,18.26,0.11,41.95
2017-03-16,76.0,27.44,44.62,24.38,0.11,42.8
2017-03-17,97.0,54.73,118.8,45.98,0.16,39.39
2017-03-18,146.0,67.57,186.0,52.24,0.2,34.77
2017-03-19,167.0,63.1,216.97,54.07,0.19,29.02
2017-03-20,144.0,52.04,186.28,43.35,0.19,25.22
2017-03-21,145.0,61.33,191.22,50.59,0.17,41.21
2017-03-22,171.0,60.92,175.69,52.0,0.17,68.16
2017-03-23,175.0,60.33,158.98,48.25,0.23,64.54
2017-03-24,148.0,54.59,135.47,42.79,0.17,64.9
2017-03-25,137.0,60.55,148.34,41.27,0.19,63.64
2017-03-26,140.0,62.45,152.69,38.24,0.17,65.94
2017-03-27,164.0,57.61,144.64,39.4,0.16,66.96
2017-03-28,154.0,51.42,128.17,38.28,0.16,57.96
2017-03-29,127.0,49.28,117.75,33.72,0.16,57.0
2017-03-30,114.0,47.02,122.96,35.07,0.17,54.3
2017-03-31,150.0,45.77,119.32,35.7,0.15,62.1
2017-04-01,136.0,44.15,117.72,30.98,0.14,59.95
2017-04-02,123.0,51.9,144.41,41.35,0.16,49.08
2017-04-03,132.0,50.37,125.87,34.02,0.15,53.76
2017-04-04,123.0,43.52,105.3,30.44,0.14,55.87
2017-04-05,103.0,47.15,98.46,29.71,0.15,43.12
2017-04-06,92.0,44.33,118.21,36.95,0.16,39.14
2017-04-07,136.0,48.68,119.71,32.91,0.14,48.79
2017-04-08,128.0,68.34,186.2,38.38,0.2,41.4
2017-04-09,175.0,77.56,193.33,49.22,0.29,36.76
2017-04-10,164.0,67.48,184.29,39.61,0.21,46.58
2017-04-11,192.0,77.94,235.99,52.07,0.23,41.49
2017-04-12,199.0,158.04,485.88,70.52,0.3,10.79
2017-04-13,173.0,59.32,161.14,37.36,0.15,64.29
2017-04-14,165.0,60.92,155.57,32.52,0.17,53.34
2017-04-15,152.0,57.68,161.11,29.2,0.16,46.79
2017-04-16,148.0,56.31,172.7,28.75,0.15,41.88
2017-04-17,173.0,68.97,221.35,41.41,0.23,41.35
2017-04-18,191.0,70.99,219.74,45.1,0.25,56.8
2017-04-19,166.0,57.04,157.84,27.79,0.14,50.43
2017-04-20,131.0,49.73,155.18,35.29,0.12,48.24
2017-04-21,136.0,45.5,146.01,37.88,0.13,48.44
2017-04-22,143.0,53.51,173.04,42.5,0.19,42.89
2017-04-23,156.0,58.3,187.29,42.34,0.16,36.37
2017-04-24,162.0,57.26,195.54,40.89,0.17,33.12
2017-04-25,156.0,55.63,186.41,42.61,0.18,35.6
2017-04-26,151.0,61.48,178.52,51.82,0.06,26.72
2017-04-27,171.0,63.36,195.29,45.42,0.19,48.36
2017-04-28,142.0,37.64,90.98,23.58,0.09,70.21
2017-04-29,127.0,27.39,97.09,29.07,0.09,59.6
2017-04-30,99.0,24.73,71.82,25.71,0.1,55.85
2017-05-01,99.0,24.54,68.79,26.4,0.09,45.05
2017-05-02,110.0,29.34,70.91,21.73,0.1,64.01
2017-05-03,118.0,37.31,85.68,25.09,0.11,54.45
2017-05-04,130.0,43.24,111.88,26.06,0.15,52.6
2017-05-05,138.0,40.48,113.26,24.97,0.15,65.03
2017-05-06,122.0,38.11,89.14,25.56,0.11,50.37
2017-05-07,98.0,29.4,80.54,12.86,0.09,67.42
2017-05-08,131.0,27.81,82.02,18.72,0.06,62.99
2017-05-09,109.0,32.95,91.33,41.36,0.06,53.25
2017-05-10,165.0,31.54,71.48,56.78,0.16,93.07
2017-05-11,123.0,30.22,66.24,72.96,0.14,57.35
2017-05-12,86.0,34.8,77.97,36.6,0.15,53.61
2017-05-13,84.0,36.41,94.82,38.77,0.14,45.63
2017-05-14,107.0,40.68,101.34,42.42,0.15,44.74
2017-05-15,85.0,35.14,80.34,30.94,0.11,49.94
2017-05-16,98.0,37.13,108.52,41.07,0.11,37.77
2017-05-17,102.0,37.23,102.58,38.74,0.11,38.04
2017-05-18,118.0,48.21,159.97,50.64,0.13,32.17
2017-05-19,148.0,45.73,153.81,49.46,0.11,32.93
2017-05-20,126.0,41.91,143.04,48.49,0.11,36.62
2017-05-21,131.0,35.78,119.47,47.98,0.16,39.06
2017-05-22,115.0,38.13,117.36,51.56,0.13,44.56
2017-05-23,130.0,49.56,173.1,66.04,0.15,29.12
2017-05-24,156.0,57.16,177.19,70.75,0.17,30.25
2017-05-25,127.0,39.09,115.26,45.01,0.09,47.08
2017-05-26,119.0,43.73,135.42,47.81,0.1,45.06
2017-05-27,103.0,26.99,79.38,30.37,0.07,43.41
2017-05-28,93.0,26.35,79.05,35.91,0.09,53.11
2017-05-29,76.0,19.02,78.46,42.99,0.06,41.03
2017-05-30,82.0,17.31,78.58,46.38,0.06,36.63
2017-05-31,80.0,11.35,45.33,22.84,0.05,45.72
2017-06-01,79.0,10.04,35.01,25.83,0.06,48.75
2017-06-02,109.0,13.75,45.45,22.7,0.07,57.96
2017-06-03,103.0,13.78,42.98,19.42,0.07,53.33
2017-06-04,84.0,14.36,40.42,24.08,0.08,46.26
2017-06-05,106.0,16.11,54.35,19.2,0.07,54.74
2017-06-06,97.0,17.77,57.12,21.89,0.09,54.65
2017-06-07,74.0,12.3,31.28,11.7,0.07,48.45
2017-06-08,67.0,11.78,27.93,19.22,0.08,36.3
2017-06-09,69.0,17.05,39.07,20.03,0.08,33.48
2017-06-10,68.0,7.84,21.21,15.62,0.1,36.93
2017-06-11,61.0,7.85,18.39,15.56,0.09,27.75
2017-06-12,50.0,5.56,11.67,8.47,0.07,27.08
2017-06-13,63.0,6.92,16.59,17.19,0.13,42.25
2017-06-14,84.0,19.65,42.88,16.5,0.25,54.73
2017-06-15,75.0,13.54,30.33,18.12,0.21,48.18
2017-06-16,72.0,9.71,21.19,14.66,0.19,50.2
2017-06-17,94.0,13.07,35.43,16.86,0.23,52.04
2017-06-18,86.0,12.88,33.71,15.24,0.17,54.45
2017-06-19,82.0,7.61,18.66,11.6,0.17,40.17
2017-06-20,83.0,7.38,23.73,12.26,0.14,39.37
2017-06-21,70.0,8.66,29.59,14.39,0.14,37.42
2017-06-22,59.0,11.4,39.16,18.0,0.16,27.54
2017-06-23,67.0,11.48,37.59,15.64,0.18,29.81
2017-06-24,63.0,10.85,39.43,11.31,0.16,34.33
2017-06-25,60.0,11.81,37.65,13.1,0.15,35.59
2017-06-26,63.0,11.79,38.79,10.8,0.14,33.43
2017-06-27,53.0,11.82,36.34,11.63,0.09,31.88
2017-06-28,60.0,8.84,29.13,14.13,0.09,31.16
2017-06-29,62.0,10.38,39.46,12.42,0.18,32.42
2017-06-30,61.0,13.08,53.54,11.15,0.14,33.21
2017-07-01,63.0,10.98,42.56,12.28,0.14,32.5
2017-07-02,66.0,9.75,37.86,11.87,0.13,31.55
2017-07-03,66.0,11.8,46.69,13.33,0.17,32.11
2017-07-04,57.0,15.53,48.65,13.28,0.15,29.3
2017-07-05,58.0,10.4,37.0,12.88,0.16,30.35
2017-07-06,57.0,14.66,45.03,14.12,0.18,29.56
2017-07-07,63.0,14.77,43.48,16.09,0.17,30.48
2017-07-08,66.0,18.19,55.27,15.37,0.15,34.11
2017-07-09,61.0,18.1,47.47,14.82,0.16,32.87
2017-07-10,60.0,15.0,39.94,17.03,0.19,29.39
2017-07-11,60.0,19.31,59.13,16.31,0.16,26.9
2017-07-12,66.0,14.29,47.25,15.3,0.15,29.41
2017-07-13,58.0,14.49,42.92,12.53,0.17,28.55
2017-07-14,53.0,13.9,35.06,13.56,0.14,27.6
2017-07-15,74.0,16.53,63.46,11.48,0.14,29.24
2017-07-16,86.0,10.24,34.05,8.45,0.17,34.63
2017-07-17,93.0,10.78,27.38,12.06,0.16,31.84
2017-07-18,47.0,8.48,18.17,10.62,0.15,26.27
2017-07-19,46.0,5.72,14.48,12.4,0.15,25.0
2017-07-20,48.0,6.54,16.81,9.5,0.14,26.17
2017-07-21,50.0,10.83,34.66,9.71,0.15,28.25
2017-07-22,55.0,13.37,53.26,10.08,0.15,29.49
2017-07-23,71.0,15.97,66.76,11.72,0.15,31.42
2017-07-24,65.0,15.62,52.3,12.84,0.15,29.9
2017-07-25,55.0,14.04,56.61,10.9,0.17,25.83
2017-07-26,62.0,16.55,61.4,12.98,0.18,28.42
2017-07-27,60.0,14.43,49.0,13.97,0.16,28.62
2017-07-28,56.0,12.62,41.75,14.04,0.17,26.67
2017-07-29,55.0,15.28,47.66,14.93,0.17,29.08
2017-07-30,63.0,17.5,60.16,16.64,0.2,27.97
2017-07-31,69.0,17.42,57.47,18.87,0.21,28.83
2017-08-01,60.0,16.85,49.6,17.0,0.21,27.81
2017-08-02,61.0,16.78,54.83,13.74,0.2,26.03
2017-08-03,51.0,11.79,34.3,10.34,0.17,22.38
2017-08-04,49.0,13.35,44.95,18.12,0.17,24.55
2017-08-05,67.0,20.34,64.87,20.12,0.18,27.34
2017-08-06,75.0,23.03,80.57,22.47,0.17,28.27
2017-08-07,90.0,26.22,81.09,21.64,0.23,25.05
2017-08-08,83.0,24.87,68.32,19.65,0.22,24.75
2017-08-09,80.0,20.47,43.45,16.75,0.27,25.82
2017-08-10,71.0,14.91,32.93,11.51,0.19,23.33
2017-08-11,65.0,17.76,44.97,15.61,0.24,32.72
2017-08-12,67.0,15.1,36.13,14.19,0.25,32.06
2017-08-13,55.0,17.08,37.86,15.64,0.22,26.67
2017-08-14,60.0,20.36,40.24,14.29,0.23,29.5
2017-08-15,58.0,16.4,44.14,13.37,0.22,28.81
2017-08-16,63.0,20.12,56.17,12.73,0.18,32.41
2017-08-17,70.0,21.77,76.01,15.13,0.17,32.76
2017-08-18,85.0,26.6,80.23,16.09,0.17,29.62
2017-08-19,65.0,17.35,36.53,11.78,0.12,32.33
2017-08-20,59.0,7.42,10.54,8.85,0.15,37.5
2017-08-21,62.0,10.89,26.2,11.31,0.16,38.36
2017-08-22,60.0,12.56,37.28,15.13,0.19,31.68
2017-08-23,62.0,15.41,54.16,16.07,0.16,31.8
2017-08-24,72.0,23.63,60.91,17.43,0.21,31.39
2017-08-25,72.0,13.53,32.41,11.42,0.18,33.12
2017-08-26,55.0,11.58,21.88,9.53,0.12,31.66
2017-08-27,52.0,13.1,22.77,10.5,0.17,30.92
2017-08-28,56.0,8.26,12.31,9.12,0.17,31.84
2017-08-29,56.0,6.57,11.4,9.26,0.12,35.24
2017-08-30,56.0,12.26,33.08,10.14,0.17,32.5
2017-08-31,60.0,14.63,49.77,13.14,0.21,30.67
2017-09-01,71.0,19.92,63.66,14.34,0.23,35.74
2017-09-02,87.0,24.42,75.72,16.47,0.22,32.11
2017-09-03,64.0,12.96,37.21,12.0,0.17,33.41
2017-09-04,59.0,17.26,49.36,16.95,0.21,33.5
2017-09-05,79.0,19.86,62.12,14.47,0.18,41.28
2017-09-06,86.0,29.32,70.96,19.22,0.19,24.76
2017-09-07,82.0,40.82,80.64,19.8,0.21,32.88
2017-09-08,74.0,32.63,58.94,19.17,0.18,39.66
2017-09-09,72.0,32.88,57.8,15.23,0.19,41.62
2017-09-10,60.0,18.58,41.91,15.66,0.09,31.82
2017-09-11,51.0,12.34,30.25,15.36,0.21,32.15
2017-09-12,55.0,10.33,27.36,15.27,0.11,33.02
2017-09-13,55.0,17.29,36.34,17.06,0.07,30.88
2017-09-14,60.0,10.44,17.55,15.62,0.05,34.13
2017-09-15,56.0,12.64,27.69,15.22,0.06,38.0
2017-09-16,56.0,10.27,19.92,13.77,0.06,34.23
2017-09-17,39.0,15.67,27.18,12.72,0.04,31.75
2017-09-18,53.0,9.17,16.29,10.48,0.04,34.2
2017-09-19,54.0,10.28,19.23,10.5,0.05,38.84
2017-09-20,57.0,9.76,24.64,10.86,0.05,41.74
2017-09-21,59.0,14.88,28.99,11.41,0.05,37.47
2017-09-22,58.0,20.5,35.75,15.36,0.03,36.6
2017-09-23,54.0,29.61,63.17,17.97,0.0,30.97
2017-09-24,95.0,42.0,108.57,19.98,0.0,29.73
2017-09-25,99.0,39.68,87.46,20.38,0.0,29.35
2017-09-26,80.0,45.69,98.84,20.98,0.0,29.15
2017-09-27,107.0,50.36,108.16,23.27,0.0,28.45
2017-09-28,98.0,45.9,74.16,20.69,0.0,28.01
2017-09-29,74.0,41.57,58.36,18.5,0.0,31.95
2017-09-30,70.0,41.26,61.2,17.45,0.0,34.25
2017-10-01,110.0,31.08,50.52,11.81,0.26,29.4
2017-10-02,81.5,24.6,31.41,11.9,0.16,32.57
2017-10-03,53.0,24.16,36.84,18.96,0.34,34.69
2017-10-04,102.0,49.75,77.06,22.44,0.66,39.92
2017-10-05,164.0,55.88,89.52,22.79,0.33,43.05
2017-10-06,102.0,28.48,54.04,19.44,0.21,32.82
2017-10-07,94.0,22.6,46.38,24.12,0.57,43.87
2017-10-08,100.0,32.08,42.02,24.14,0.29,36.8
2017-10-09,111.0,25.79,41.72,17.7,0.36,41.5
2017-10-10,103.0,28.04,46.53,24.18,0.1,70.62
2017-10-11,113.0,27.38,51.78,25.01,0.19,43.76
2017-10-12,102.0,41.74,69.1,26.83,0.11,54.35
2017-10-13,147.0,20.48,39.46,19.29,0.08,79.99
2017-10-14,123.0,33.32,60.37,25.1,0.1,63.15
2017-10-15,97.0,35.59,61.1,22.1,0.06,57.62
2017-10-16,125.5,81.29,154.52,45.32,0.1,72.46
2017-10-17,154.0,72.18,133.53,36.5,0.15,67.21
2017-10-18,150.0,69.53,137.82,34.49,0.12,56.47
2017-10-19,151.0,75.46,144.81,30.6,0.31,57.92
2017-10-20,247.0,78.69,112.82,20.04,0.06,84.66
2017-10-21,141.0,67.18,105.44,18.74,0.1,81.47
2017-10-22,121.0,65.39,98.82,17.27,0.07,68.38
2017-10-23,113.0,53.78,83.34,21.46,0.19,53.28
2017-10-24,111.0,63.35,97.66,24.35,0.06,40.66
2017-10-25,117.8,74.57,159.54,48.16,0.03,107.68
2017-10-26,124.6,66.55,139.05,34.37,0.04,71.63
2017-10-29,145.0,70.46,147.82,25.47,0.12,58.83
2017-10-30,130.0,66.92,144.48499999999999,34.42,0.0,56.25
2017-10-31,128.0,63.38,141.15,43.37,0.79,53.67
2017-11-01,150.0,68.21,149.12,46.37,1.19,58.62
2017-11-02,156.0,69.73,141.02,37.68,1.06,63.67
2017-11-03,158.0,66.51,126.96,37.44,1.04,55.23
2017-11-04,114.0,49.62,97.93,35.86,0.58,51.23
2017-11-05,91.0,32.45,68.47,31.18,0.52,47.67
2017-11-06,80.0,29.33,67.08,39.1,0.58,43.64
2017-11-07,94.0,34.96,81.64,43.63,0.68,43.46
2017-11-08,105.0,38.84,82.74,40.59,0.57,54.87
2017-11-09,95.0,39.57,84.55,39.12,0.59,50.7
2017-11-10,100.0,44.44,83.57,35.39,0.59,55.83
2017-11-11,123.0,61.84,115.98,42.21,0.63,71.54
2017-11-12,123.0,57.58,109.26,42.84,0.74,53.74
2017-11-13,111.0,55.36,107.88,37.83,0.74,59.62
2017-11-14,111.0,58.41,118.47,39.01,0.83,44.16
2017-11-15,104.0,51.08,100.21,36.07,0.68,48.8
2017-11-16,92.0,41.31,82.13,34.29,0.58,43.11
2017-11-17,82.0,37.72,80.34,33.87,0.61,37.36
2017-11-18,106.0,66.82,71.59,32.58,0.65,37.79
2017-11-19,112.0,36.53,77.41,34.18,0.72,39.81
2017-11-20,86.0,43.64,89.51,36.84,0.82,42.8
2017-11-21,106.0,44.65,87.99,39.07,0.81,40.93
2017-11-22,102.0,40.48,75.97,32.25,0.7,51.0
2017-11-23,133.0,96.83,88.36,37.91,0.76,39.92
2017-11-24,149.0,69.5,125.61,35.4,0.76,60.26
2017-11-25,140.0,70.91,133.01,37.5,0.71,68.38
2017-11-26,147.0,84.08,137.59,50.36,0.9,52.91
2017-11-27,166.0,73.25,145.39,52.99,0.86,55.76
2017-11-28,171.0,91.39,144.06,54.18,0.9,56.56
2017-11-29,164.0,66.49,122.5,45.7,0.81,67.32
2017-11-30,140.0,64.72,121.51,45.03,0.82,60.26
2017-12-01,139.0,70.03,128.64,37.15,0.8,59.62
2017-12-02,135.0,69.44,123.66,35.14,0.76,65.3
2017-12-03,140.0,70.83,125.86,38.05,0.8,63.84
2017-12-04,144.0,70.47,119.15,37.31,0.78,67.63
2017-12-05,128.0,58.07,96.64,29.67,0.7,60.14
2017-12-06,100.0,51.81,85.9,30.32,0.72,48.64
2017-12-07,122.0,69.33,127.59,40.86,0.91,48.33
2017-12-08,145.0,74.79,153.15,39.18,0.8,61.72
2017-12-09,142.0,67.7,149.05,38.26,0.77,59.43
2017-12-10,120.0,48.99,108.63,37.26,0.69,39.78
2017-12-11,117.0,55.7,117.26,48.48,1.05,44.73
2017-12-12,144.0,66.78,140.38,62.23,1.19,54.6
2017-12-13,143.0,69.33,136.56,50.13,1.0,48.7
2017-12-14,132.0,66.12,120.92,39.48,0.92,48.56
2017-12-15,126.0,68.48,119.88,38.85,0.77,42.62
2017-12-16,133.0,68.87,131.11,48.12,0.88,42.31
2017-12-17,136.0,71.38,142.76,47.26,0.8,46.91
2017-12-18,140.0,73.33,143.78,37.36,0.59,56.42
2017-12-19,138.0,59.35,130.67,49.48,0.7,45.37
2017-12-20,151.0,88.14,152.17,67.71,1.33,43.0
2017-12-21,164.0,74.94,148.17,68.63,1.4,51.64
2017-12-22,195.0,130.23,162.0,73.32,1.4,50.01
2017-12-23,180.0,82.05,170.76,65.66,1.26,57.5
2017-12-24,169.0,79.19,156.46,63.74,1.14,47.69
2017-12-25,163.0,76.47,144.94,56.9,1.13,38.5
2017-12-26,164.0,76.08,151.9,53.18,0.87,53.45
2017-12-27,136.0,63.18,129.4,55.68,0.85,47.38
2017-12-28,132.0,68.65,139.18,60.71,0.93,47.22
2017-12-29,184.0,112.35,152.12,67.12,1.09,49.58
2017-12-30,156.0,65.09,132.99,67.32,1.1,41.64
2017-12-31,138.0,68.45,126.76,62.26,1.02,39.55
2018-01-01,122.0,57.7,119.64,54.46,0.99,38.93
2018-01-02,126.0,68.55,135.87,51.51,0.92,51.26
2018-01-03,163.0,77.77,149.51,46.8,0.83,56.84
2018-01-04,174.0,79.18,164.76,60.89,1.0,58.03
2018-01-05,164.0,76.33,160.28,63.88,1.05,52.74
2018-01-06,158.0,73.15,150.95,63.11,1.1,47.04
2018-01-07,146.0,72.41,144.54,55.39,1.03,50.17
2018-01-08,146.0,72.66,141.46,51.85,0.98,52.61
2018-01-09,160.0,77.65,160.44,53.96,0.95,57.35
2018-01-10,165.0,74.08,158.74,53.36,1.03,56.34
2018-01-11,160.0,76.19,162.88,59.3,1.04,55.98
2018-01-12,155.0,74.76,159.96,64.97,1.09,52.03
2018-01-13,150.0,70.48,157.0,59.98,1.19,49.6
2018-01-14,140.0,72.38,141.02,54.79,1.16,48.64
2018-01-15,143.0,70.98,115.26,37.89,0.83,50.02
2018-01-16,132.0,65.1,126.51,39.7,0.92,43.58
2018-01-17,125.0,64.2,128.06,45.06,0.87,45.85
2018-01-18,129.0,65.86,141.85,55.84,0.99,37.53
2018-01-19,129.0,61.1,139.54,56.03,0.9,38.71
2018-01-20,131.0,64.18,143.85,60.93,1.0,45.46
2018-01-21,133.0,68.52,140.77,56.67,0.95,44.16
2018-01-22,142.0,72.01,142.1,50.74,0.89,52.29
2018-01-23,125.0,60.4,117.57,46.04,0.71,47.74
2018-01-24,121.0,67.07,131.41,42.71,0.71,45.11
2018-01-25,139.0,68.8,155.17,54.52,0.89,45.4
2018-01-26,146.0,66.84,155.11,56.49,0.91,52.7
2018-01-27,167.0,69.43,156.79,55.38,1.45,52.9
2018-01-28,138.0,68.84,145.17,49.3,0.85,48.76
2018-01-29,140.0,67.69,149.79,46.08,0.84,50.19
2018-01-30,137.0,59.46,152.71,51.91,0.68,51.92
2018-01-31,130.0,53.45,141.76,59.99,1.0,40.67
2018-02-01,129.0,50.88,129.95,67.8,1.1,36.26
2018-02-02,125.0,47.46,120.39,68.01,0.99,36.32
2018-02-03,114.0,43.48,115.8,53.31,0.8,50.3
2018-02-04,104.0,39.14,105.44,41.49,0.73,54.21
2018-02-05,111.0,41.79,112.02,43.96,0.73,56.47
2018-02-06,111.0,48.86,124.69,58.09,0.86,36.51
2018-02-07,125.0,56.76,135.34,72.8,0.99,39.53
2018-02-08,114.0,46.18,105.04,59.37,0.84,34.55
2018-02-09,108.0,50.05,116.97,55.81,0.87,35.92
2018-02-10,113.0,52.28,119.66,53.5,0.82,29.39
2018-02-11,100.0,50.55,88.76,28.9,0.6,34.88
2018-02-12,102.0,54.34,87.6,20.55,0.61,38.74
2018-02-13,94.0,46.38,85.63,31.98,0.61,44.34
2018-02-14,100.0,50.52,100.95,44.77,0.76,46.28
2018-02-15,113.0,52.88,118.54,48.93,0.84,46.88
2018-02-16,110.0,51.84,116.94,51.24,0.81,41.68
2018-02-17,108.0,49.86,121.32,60.23,0.92,39.46
2018-02-18,116.0,55.87,126.08,58.63,1.02,47.42
2018-02-19,111.0,46.22,112.55,44.16,0.77,53.02
2018-02-20,103.0,47.64,101.62,41.75,0.74,50.85
2018-02-21,107.0,54.76,118.2,46.91,0.85,47.88
2018-02-22,114.0,57.85,131.06,49.21,0.88,46.5
2018-02-23,123.0,56.99,125.93,48.0,0.85,48.94
2018-02-24,106.0,43.57,112.47,43.62,0.7,45.22
2018-02-25,104.0,43.37,105.66,51.65,0.76,33.06
2018-02-26,118.0,56.87,119.73,65.82,1.09,40.48
2018-02-27,134.0,57.66,123.59,67.65,1.16,40.86
2018-02-28,129.0,62.25,139.53,70.43,1.3,41.99
2018-03-01,124.0,54.84,127.04,65.26,1.12,37.91
2018-03-02,118.0,52.72,120.49,56.01,1.06,43.91
2018-03-03,119.0,51.59,122.0,45.04,0.88,53.05
2018-03-04,122.0,54.72,116.74,49.19,0.94,50.33
2018-03-05,114.0,47.44,111.76,45.37,0.89,48.64
2018-03-06,106.0,47.97,104.93,38.91,0.74,56.45
2018-03-07,108.0,50.78,101.89,43.04,0.79,53.66
2018-03-08,107.0,53.81,114.59,49.93,0.92,45.08
2018-03-09,118.0,57.28,120.43,52.67,0.96,45.57
2018-03-10,122.0,66.37,133.3,49.74,1.02,50.9
2018-03-11,124.0,53.02,108.18,35.56,0.79,57.23
2018-03-12,95.0,38.87,96.19,40.44,0.67,44.39
2018-03-13,88.0,39.69,87.82,41.84,0.71,42.72
2018-03-14,103.0,47.34,101.24,45.05,0.85,49.57
2018-03-15,96.0,47.88,103.11,37.4,0.77,48.41
2018-03-16,115.0,60.25,134.44,39.37,0.86,43.99
2018-03-17,105.0,51.0,78.33,33.36,0.76,47.12
2018-03-18,80.0,41.38,71.63,32.85,0.7,37.7
2018-03-19,93.0,48.07,92.55,41.03,0.83,48.04
2018-03-20,103.0,54.74,102.17,47.03,0.87,47.14
2018-03-21,108.0,57.87,118.46,45.49,0.89,45.92
2018-03-22,126.0,57.07,139.34,52.52,0.86,32.33
2018-03-23,128.0,56.64,146.7,58.35,1.01,36.12
2018-03-24,131.0,59.91,149.81,63.27,1.05,39.62
2018-03-25,135.0,71.4,150.7,49.1,0.98,43.09
2018-03-26,126.0,61.47,126.86,39.51,0.84,44.76
2018-03-27,123.0,59.53,124.78,44.63,0.79,50.92
2018-03-28,116.0,53.11,113.07,40.84,0.75,51.24
2018-03-29,122.0,62.27,135.91,48.19,0.91,48.28
2018-03-30,120.0,54.62,114.81,40.32,0.81,45.56
2018-03-31,110.0,50.15,112.36,41.99,0.83,49.61
2018-04-01,103.0,43.05,89.8,31.47,0.63,48.2
2018-04-02,84.0,37.91,75.96,38.98,0.72,44.0
2018-04-03,99.0,51.35,97.31,40.96,0.78,41.0
2018-04-04,101.0,44.94,91.88,39.39,0.72,50.85
2018-04-05,92.0,41.51,86.82,36.55,0.67,43.49
2018-04-06,98.0,46.87,103.01,42.39,0.74,46.02
2018-04-07,93.0,35.9,79.03,50.76,0.76,49.0
2018-04-08,85.0,30.27,61.55,35.94,0.67,44.24
2018-04-09,95.0,40.26,91.86,41.16,0.71,47.22
2018-04-10,98.0,35.54,97.46,38.69,0.79,37.75
2018-04-11,88.0,27.63,72.09,31.01,0.68,31.17
2018-04-12,83.0,31.58,79.04,42.54,0.67,38.29
2018-04-13,83.0,25.24,66.21,33.9,0.56,38.8
2018-04-14,79.0,23.05,58.22,30.02,0.69,40.13
2018-04-15,73.0,29.71,63.54,31.86,0.83,27.82
2018-04-16,100.0,45.86,103.38,45.36,0.9,36.09
2018-04-17,99.0,34.29,90.45,38.79,0.72,41.82
2018-04-18,93.0,37.19,92.25,35.18,0.61,45.82
2018-04-19,108.0,43.52,118.3,44.05,0.77,39.18
2018-04-20,117.0,42.38,120.61,44.88,0.86,37.27
2018-04-21,122.0,49.14,139.55,51.13,0.9,31.15
2018-04-22,117.0,42.97,110.65,39.3,0.75,43.31
2018-04-23,90.0,33.12,80.06,28.02,0.56,49.31
2018-04-24,90.0,33.09,95.19,35.48,0.54,51.74
2018-04-25,104.0,35.61,86.24,29.59,0.6,53.56
2018-04-26,94.0,38.11,92.67,35.66,0.62,52.61
2018-04-27,101.0,39.78,99.47,35.85,0.68,52.49
2018-04-28,94.0,39.85,86.22,30.66,0.52,46.38
2018-04-29,102.0,43.44,95.6,30.99,0.59,49.28
2018-04-30,103.0,44.84,106.84,39.52,0.7,44.31
2018-05-01,116.0,43.83,133.09,32.08,0.57,45.47
2018-05-02,101.0,36.08,95.82,31.21,0.7,48.88
2018-05-03,98.0,31.39,86.12,27.73,0.56,48.87
2018-05-04,81.0,19.59,48.18,31.67,0.62,50.95
2018-05-05,74.0,28.81,68.37,30.11,0.6,51.31
2018-05-06,83.0,31.91,81.65,28.95,0.58,47.6
2018-05-07,93.0,33.68,93.43,28.72,0.58,51.78
2018-05-08,111.0,43.05,110.15,43.5,0.97,46.9
2018-05-09,112.0,44.32,101.87,37.73,0.67,43.87
2018-05-10,101.0,33.83,74.91,31.53,0.63,45.59
2018-05-11,95.0,32.76,80.97,31.48,0.66,50.78
2018-05-12,96.0,33.05,81.54,31.04,0.64,50.32
2018-05-13,101.0,31.85,76.51,32.48,0.74,61.46
2018-05-14,100.0,29.86,67.84,26.02,0.64,56.79
2018-05-15,87.0,24.49,46.54,24.04,0.68,51.51
2018-05-16,85.0,41.89,90.88,33.42,0.78,48.44
2018-05-17,106.0,43.47,103.29,41.31,0.9,39.03
2018-05-18,89.0,37.31,88.67,35.51,0.62,45.12
2018-05-19,103.0,47.42,136.63,37.25,0.69,46.38
2018-05-20,117.0,38.59,106.87,29.22,0.62,62.1
2018-05-21,132.0,48.33,137.04,32.24,0.91,59.66
2018-05-22,120.0,42.68,108.84,27.06,0.69,56.37
2018-05-23,110.0,47.5,122.16,33.71,0.83,52.86
2018-05-24,104.0,36.41,93.09,32.39,0.78,47.17
2018-05-25,119.0,42.17,108.46,31.54,0.76,55.12
2018-05-26,91.0,23.65,67.93,25.79,0.69,36.5
2018-05-27,83.0,26.11,69.28,26.65,0.78,49.07
2018-05-28,87.0,31.17,76.56,25.45,0.72,45.6
2018-05-29,84.0,34.68,91.62,28.48,0.64,46.07
2018-05-30,89.0,31.7,80.59,26.77,0.58,44.57
2018-05-31,93.0,32.57,83.68,25.25,0.83,45.54
2018-06-01,110.0,37.26,77.09,31.53,0.64,52.89
2018-06-02,82.0,36.7,63.45,35.45,0.77,35.35
2018-06-03,83.0,34.85,73.89,29.14,0.62,44.34
2018-06-04,89.0,30.95,64.8,26.22,0.56,57.7
2018-06-05,83.0,31.51,67.42,30.16,0.62,48.4
2018-06-06,84.0,31.33,62.83,29.59,0.64,47.76
2018-06-07,69.0,19.68,25.82,22.53,0.61,47.94
2018-06-08,68.0,19.43,33.87,22.16,0.71,40.15
2018-06-09,64.0,20.03,42.57,22.16,0.68,33.8
2018-06-10,52.0,16.49,32.8,20.62,0.64,22.52
2018-06-11,53.0,22.31,55.94,23.24,0.66,18.82
2018-06-12,70.0,29.92,88.06,23.7,0.66,17.16
2018-06-13,84.0,30.85,89.47,21.31,0.6,19.6
2018-06-14,86.0,34.44,92.58,23.31,0.54,17.53
2018-06-15,86.0,27.83,86.25,20.05,0.57,20.79
2018-06-16,67.0,22.9,63.65,20.48,0.6,22.0
2018-06-17,67.0,21.99,66.18,20.32,0.57,19.71
2018-06-18,59.0,17.2,48.97,20.17,0.58,19.88
2018-06-19,50.0,14.61,29.85,18.2,0.53,23.9
2018-06-20,58.0,15.27,26.79,21.39,0.44,27.49
2018-06-21,52.0,10.31,33.35,22.02,0.46,27.79
2018-06-22,56.0,21.26,45.55,28.03,0.49,25.78
2018-06-23,56.0,20.07,34.46,23.78,0.36,23.59
2018-06-24,41.0,16.99,37.87,20.56,0.23,19.13
2018-06-25,41.0,16.31,41.38,20.7,0.27,17.31
2018-06-26,41.0,16.23,41.54,23.21,0.26,17.5
2018-06-27,44.0,17.64,46.04,28.07,0.26,15.07
2018-06-28,46.0,18.93,50.36,24.39,0.28,17.65
2018-06-29,65.0,18.18,57.2,22.68,0.3,23.37
2018-06-30,62.0,20.85,57.03,26.4,0.33,22.0
2018-07-01,60.0,16.91,39.49,27.03,0.3,25.21
2018-07-02,53.0,16.48,42.25,24.21,0.24,23.96
2018-07-03,59.0,16.28,41.16,23.43,0.26,22.53
2018-07-04,71.0,15.97,58.87,22.07,0.35,21.98
2018-07-05,68.0,13.22,40.07,22.74,0.25,20.08
2018-07-06,49.0,20.05,48.6,26.0,0.3,18.73
2018-07-07,59.0,22.74,51.43,27.25,0.34,18.53
2018-07-08,62.0,19.92,45.9,25.11,0.28,20.17
2018-07-09,44.0,16.63,36.37,23.21,0.22,18.43
2018-07-10,48.0,19.7,44.03,21.7,0.25,16.26
2018-07-11,54.0,19.05,45.74,23.04,0.3,19.91
2018-07-12,49.0,11.93,16.09,22.14,0.25,20.46
2018-07-13,37.0,13.21,26.26,20.22,0.27,15.7
2018-07-14,42.0,17.97,40.97,26.02,0.28,15.88
2018-07-15,58.0,16.12,39.28,25.58,0.31,21.52
2018-07-16,72.0,11.04,20.0,21.19,0.37,16.13
2018-07-17,38.0,12.14,26.59,20.54,0.26,14.86
2018-07-18,33.0,14.13,36.01,22.64,0.27,13.58
2018-07-19,45.0,14.39,38.34,21.97,0.26,14.75
2018-07-20,37.0,12.58,32.59,22.18,0.31,13.12
2018-07-21,41.0,19.61,51.45,23.18,0.3,15.35
2018-07-22,55.0,19.54,54.49,22.42,0.28,14.36
2018-07-23,49.0,17.69,53.6,21.69,0.26,15.37
2018-07-24,54.0,15.64,44.78,21.03,0.32,15.58
2018-07-25,52.0,17.88,53.74,20.4,0.26,16.66
2018-07-26,54.0,14.41,42.62,20.64,0.29,16.19
2018-07-27,54.0,14.52,43.56,24.38,0.27,17.72
2018-07-28,53.0,18.23,55.98,22.38,0.28,18.44
2018-07-29,72.0,26.09,74.2,28.86,0.38,16.26
2018-07-30,87.0,26.02,84.97,25.61,0.32,17.7
2018-07-31,73.0,19.21,66.84,25.13,0.27,17.22
2018-08-01,72.0,21.88,75.6,25.54,0.28,16.38
2018-08-02,72.0,25.77,76.03,27.27,0.36,13.63
2018-08-03,92.0,30.8,101.48,28.85,0.31,15.42
2018-08-04,90.0,23.43,76.16,25.39,0.28,16.46
2018-08-05,66.0,20.2,55.76,27.06,0.31,16.05
2018-08-06,72.0,26.91,71.45,23.75,0.29,16.55
2018-08-07,54.0,18.92,55.72,24.24,0.3,13.97
2018-08-08,53.0,16.17,46.48,24.82,0.28,13.81
2018-08-09,49.0,18.07,37.67,27.7,0.36,12.64
2018-08-10,48.0,17.09,41.09,24.89,0.31,14.98
2018-08-11,43.0,16.39,29.84,24.46,0.28,11.86
2018-08-12,47.0,11.98,28.35,18.71,0.31,14.52
2018-08-13,42.0,11.66,24.68,17.79,0.32,13.69
2018-08-14,41.0,16.97,46.65,27.16,0.31,10.2
2018-08-15,65.0,22.11,68.81,17.62,0.35,11.99
2018-08-16,40.0,7.78,10.87,19.87,0.3,15.01
2018-08-17,35.0,18.56,46.57,20.71,0.3,18.05
2018-08-18,44.0,15.3,41.14,17.73,0.29,18.6
2018-08-19,48.0,15.28,34.82,24.8,0.32,15.02
2018-08-20,47.0,13.19,31.47,21.95,0.27,14.53
2018-08-21,34.0,10.08,23.02,19.61,0.25,14.24
2018-08-22,39.0,10.33,29.62,22.71,0.29,13.14
2018-08-23,40.0,12.51,38.94,23.7,0.29,11.2
2018-08-24,48.0,14.36,56.52,24.14,0.31,12.62
2018-08-25,52.0,15.34,55.37,25.68,0.29,12.26
2018-08-26,50.0,14.61,45.18,24.79,0.27,11.18
2018-08-27,48.0,15.31,40.27,27.1,0.3,9.29
2018-08-28,48.0,16.51,45.72,27.6,0.28,12.08
2018-08-29,53.0,20.98,64.42,26.87,0.29,15.33
2018-08-30,68.0,24.66,82.96,26.52,0.29,18.68
2018-08-31,77.0,22.43,75.11,27.25,0.3,15.88
2018-09-01,70.0,23.16,71.26,26.37,0.31,15.43
2018-09-02,50.0,18.51,47.92,25.86,0.34,14.04
2018-09-03,48.0,15.84,39.37,23.73,0.34,13.7
2018-09-04,50.0,20.36,66.88,25.6,0.31,13.86
2018-09-05,72.0,27.05,87.39,26.36,0.38,14.3
2018-09-06,76.0,25.36,83.21,26.76,0.31,14.29
2018-09-07,82.0,25.42,79.97,22.74,0.32,17.95
2018-09-08,62.0,21.61,55.67,18.35,0.33,19.94
2018-09-09,79.0,34.85,91.9,24.19,0.42,23.55
2018-09-10,86.0,38.35,94.94,32.15,0.46,27.14
2018-09-11,79.0,33.85,66.55,38.45,0.57,25.02
2018-09-12,71.0,35.06,53.38,35.45,0.59,20.9
2018-09-13,78.0,41.83,77.55,36.44,0.6,21.97
2018-09-14,85.0,42.24,85.86,36.56,0.53,30.31
2018-09-15,92.0,43.69,89.53,36.45,0.51,27.22
2018-09-16,101.0,48.98,89.05,33.93,0.5,22.86
2018-09-17,85.0,35.58,61.65,22.67,0.41,24.49
2018-09-18,68.0,39.68,63.97,25.48,0.45,21.89
2018-09-19,79.0,38.6,84.63,31.56,0.45,21.57
2018-09-20,81.0,40.88,97.71,30.3,0.42,23.53
2018-09-21,91.0,37.91,78.9,27.55,0.38,21.72
2018-09-22,62.0,27.29,58.1,23.11,0.34,27.07
2018-09-23,65.0,32.25,62.49,27.46,0.44,28.19
2018-09-24,62.0,34.94,68.68,36.88,0.62,21.51
2018-09-25,84.0,41.46,86.95,38.18,0.66,20.19
2018-09-26,108.0,53.68,107.41,44.83,0.8,16.94
2018-09-27,95.0,43.09,78.57,36.52,0.54,24.45
2018-09-28,92.0,45.92,99.06,38.03,0.58,15.53
2018-09-29,100.0,55.39,107.62,38.38,0.64,17.26
2018-09-30,118.0,67.69,129.23,37.28,0.62,24.96
2018-10-01,128.0,63.16,122.8,38.16,0.5,23.41
2018-10-02,94.0,37.8,80.37,33.16,0.49,22.58
2018-10-03,72.0,36.5,79.0,32.41,0.45,23.91
2018-10-04,79.0,39.63,85.85,33.83,0.45,24.63
2018-10-05,84.0,39.8,103.38,34.47,0.43,29.57
2018-10-06,109.0,56.36,136.25,42.33,0.56,29.21
2018-10-07,124.0,65.91,139.95,39.75,0.5,29.27
2018-10-08,130.0,64.44,144.33,40.33,0.56,28.65
2018-10-09,124.0,60.07,146.71,46.53,0.54,23.73
2018-10-10,128.0,56.5,150.65,48.32,0.48,21.94
2018-10-11,120.0,52.63,148.36,43.03,0.46,25.52
2018-10-12,121.0,54.39,132.24,42.79,0.53,27.9
2018-10-13,118.0,58.56,130.27,46.54,0.64,21.39
2018-10-14,108.0,54.35,111.45,36.76,0.47,27.41
2018-10-15,100.0,58.24,107.55,35.21,0.53,28.29
2018-10-16,105.0,53.26,90.41,32.39,0.46,26.04
2018-10-17,83.0,41.03,53.89,34.67,0.58,19.11
2018-10-18,73.0,40.35,57.72,31.81,0.55,21.12
2018-10-19,74.0,43.99,80.57,37.92,0.52,24.15
2018-10-20,105.0,58.44,128.56,47.2,0.68,26.5
2018-10-21,119.0,61.34,131.27,44.57,0.61,26.96
2018-10-22,125.0,66.82,144.33,51.4,0.72,27.86
2018-10-23,133.0,67.12,139.91,45.12,0.67,30.64
2018-10-24,142.0,67.52,125.13,46.11,0.89,28.14
2018-10-25,128.0,60.72,124.74,45.35,0.61,28.84
2018-10-26,107.0,48.68,123.62,47.97,0.46,31.72
2018-10-27,117.0,57.44,145.22,60.75,0.68,27.8
2018-10-28,120.0,56.51,134.88,46.84,0.55,36.66
2018-10-29,110.0,56.02,130.4,46.3,0.5,41.62
2018-10-30,115.0,57.32,121.32,47.35,0.58,41.46
2018-10-31,117.0,56.98,120.91,47.69,0.56,34.51
2018-11-01,106.0,50.87,109.17,45.19,0.59,26.9
2018-11-02,86.0,34.07,76.12,37.54,0.56,19.95
2018-11-03,58.0,25.96,59.8,32.84,0.48,23.14
2018-11-04,55.0,24.88,48.95,30.95,0.51,25.91
2018-11-05,64.0,32.8,68.87,36.41,0.53,27.53
2018-11-06,80.0,44.66,94.97,39.76,0.58,31.15
2018-11-07,95.0,54.63,103.16,38.84,0.52,34.91
2018-11-08,107.0,59.82,109.93,35.89,0.55,41.0
2018-11-09,114.0,64.36,125.75,42.33,0.54,36.77
2018-11-10,129.0,69.5,136.07,44.02,0.58,42.35
2018-11-11,131.0,61.15,129.81,44.85,0.58,44.0
2018-11-12,127.0,62.68,148.54,50.55,0.58,43.16
2018-11-13,134.0,66.08,150.01,56.68,0.68,34.36
2018-11-14,139.0,67.28,159.01,60.17,0.76,35.17
2018-11-15,133.0,58.4,140.37,52.31,0.73,30.37
2018-11-16,118.0,46.2,115.57,45.12,0.61,25.38
2018-11-17,76.0,23.09,59.77,32.04,0.47,20.36
2018-11-18,57.0,19.06,50.4,29.19,0.43,18.99
2018-11-19,53.0,26.04,61.77,32.18,0.45,21.05
2018-11-20,86.0,52.12,112.36,43.52,0.58,29.47
2018-11-21,129.0,63.08,139.98,44.09,0.58,36.71
2018-11-22,131.0,66.0,137.89,46.07,0.6,34.42
2018-11-23,133.0,71.81,147.11,47.8,0.65,32.72
2018-11-24,148.0,72.98,155.13,53.95,0.72,36.63
2018-11-25,140.0,69.28,149.67,50.29,0.64,46.4
2018-11-26,135.0,63.01,150.75,53.44,0.67,44.11
2018-11-27,138.0,69.91,152.94,59.24,0.74,41.07
2018-11-28,142.0,73.48,155.16,59.43,0.77,43.73
2018-11-29,146.0,72.26,153.14,65.02,0.81,34.93
2018-11-30,139.0,67.69,145.96,56.72,0.67,40.48
2018-12-01,135.0,69.94,147.06,56.11,0.72,35.54
2018-12-02,137.0,71.17,145.82,52.98,0.74,34.25
2018-12-03,140.0,74.62,145.29,48.78,0.75,36.37
2018-12-04,154.0,77.72,147.65,47.55,0.76,37.26
2018-12-05,146.0,67.3,118.13,40.48,0.7,33.84
2018-12-06,123.0,62.87,111.3,41.39,0.74,29.75
2018-12-07,108.0,61.66,92.8,32.11,0.64,31.2
2018-12-08,132.0,76.14,122.93,34.16,0.71,36.84
2018-12-09,159.0,78.36,131.2,33.76,0.74,36.66
2018-12-10,161.0,77.94,132.25,30.74,0.63,36.29
2018-12-11,158.0,76.22,145.09,39.51,0.73,31.26
2018-12-12,153.0,74.78,134.84,36.07,0.68,36.7
2018-12-13,145.0,74.19,123.7,37.39,0.67,34.73
2018-12-14,144.0,74.48,119.8,41.82,0.8,24.87
2018-12-15,157.0,75.15,134.26,38.42,0.62,37.42
2018-12-16,151.0,76.15,149.24,39.24,0.61,49.21
2018-12-17,141.0,59.61,95.42,33.95,0.53,34.28
2018-12-18,67.0,22.35,34.08,29.09,0.4,20.98
2018-12-19,54.0,32.77,62.25,33.97,0.47,23.73
2018-12-20,76.0,44.72,93.15,43.69,0.67,22.1
2018-12-21,104.0,55.1,107.95,48.47,0.64,27.57
2018-12-22,127.0,72.66,139.71,52.59,0.67,36.75
2018-12-23,151.0,78.01,138.69,41.45,0.68,42.72
2018-12-24,159.0,76.81,154.46,44.67,0.68,34.26
2018-12-25,153.0,73.18,149.61,46.1,0.61,43.56
2018-12-26,136.0,67.91,119.15,36.25,0.69,39.08
2018-12-27,126.0,68.06,134.16,38.87,0.63,28.38
2018-12-28,131.0,64.1,138.43,44.84,0.62,36.78
2018-12-29,132.0,68.76,140.93,44.93,0.62,45.65
2018-12-30,139.0,71.7,142.41,45.42,0.67,44.23
2018-12-31,134.0,65.24,136.91,52.86,0.7,38.19
2019-01-01,132.0,66.79,143.42,63.82,0.94,31.99
2019-01-02,133.0,71.55,153.99,67.44,1.03,33.44
2019-01-03,141.0,69.7,146.69,67.01,0.97,32.47
2019-01-04,142.0,75.25,158.34,63.58,0.88,34.39
2019-01-05,148.0,73.03,140.13,50.4,0.78,40.43
2019-01-06,149.0,77.71,153.78,40.96,0.73,46.03
2019-01-07,155.0,76.5,157.71,49.16,0.76,40.13
2019-01-08,151.0,73.78,165.61,62.35,0.92,27.73
2019-01-09,146.0,74.7,164.93,71.55,0.94,28.57
2019-01-10,146.0,75.43,161.34,64.0,0.82,34.38
2019-01-11,153.0,75.77,143.85,47.6,0.74,39.24
2019-01-12,154.0,78.62,146.0,39.74,0.68,40.02
2019-01-13,154.0,72.03,120.93,37.2,0.62,40.0
2019-01-14,146.0,74.37,132.9,39.21,0.66,37.84
2019-01-15,147.0,75.13,145.13,42.04,0.75,35.6
2019-01-16,152.0,75.55,150.46,44.72,0.74,35.82
2019-01-17,150.0,73.51,156.89,57.06,0.83,30.21
2019-01-18,148.0,75.34,154.77,53.23,0.78,30.69
2019-01-19,153.0,78.12,159.37,51.49,0.72,31.88
2019-01-20,155.0,70.0,148.16,58.07,0.76,29.49
2019-01-21,132.0,66.4,129.97,46.24,0.68,33.19
2019-01-22,105.0,47.29,93.9,33.37,0.46,32.82
2019-01-23,105.0,60.93,106.81,37.74,0.53,33.93
2019-01-24,112.0,59.22,112.52,40.03,0.58,29.43
2019-01-25,96.0,36.51,80.89,29.33,0.46,26.51
2019-01-26,73.0,36.21,62.98,28.89,0.52,23.49
2019-01-27,72.0,51.29,74.22,32.05,0.55,13.14
2019-01-28,124.0,71.62,104.9,38.41,0.62,18.86
2019-01-29,136.0,64.42,114.66,39.62,0.54,29.15
2019-01-30,108.0,55.6,118.88,49.58,0.57,33.69
2019-01-31,114.0,63.8,121.95,51.35,0.66,29.69
2019-02-01,131.0,66.44,115.34,45.36,0.64,34.07
2019-02-02,118.0,62.22,117.17,47.27,0.64,29.72
2019-02-03,120.0,60.26,107.15,41.85,0.59,34.63
2019-02-04,110.0,63.75,115.35,42.48,0.64,38.6
2019-02-05,115.0,63.26,120.36,45.85,0.67,38.11
2019-02-06,130.0,68.06,130.57,45.84,0.71,34.76
2019-02-07,120.0,58.46,110.45,35.49,0.54,40.27
2019-02-08,114.0,58.24,133.58,48.41,0.64,29.95
2019-02-09,128.0,55.67,157.47,43.21,0.59,35.28
2019-02-10,130.0,58.82,162.47,39.43,0.54,34.46
2019-02-11,118.0,58.64,119.01,35.55,0.57,32.49
2019-02-12,122.0,64.14,119.19,46.13,0.63,30.71
2019-02-13,130.0,64.94,137.41,56.54,0.65,29.39
2019-02-14,127.0,62.79,128.51,47.79,0.68,35.52
2019-02-15,102.0,38.84,86.91,38.74,0.54,28.5
2019-02-16,91.0,48.34,103.18,46.78,0.64,28.7
2019-02-17,101.0,45.12,94.43,44.87,0.55,26.53
2019-02-18,109.0,65.14,136.33,51.92,0.73,34.67
2019-02-19,123.0,55.8,113.45,38.85,0.56,31.04
2019-02-20,87.0,35.07,79.95,31.3,0.47,22.5
2019-02-21,82.0,39.32,89.56,35.72,0.54,27.44
2019-02-22,94.0,44.63,107.69,43.43,0.64,29.65
2019-02-23,115.0,57.13,133.36,51.31,0.71,32.58
2019-02-24,114.0,46.64,104.32,39.75,0.57,33.16
2019-02-25,100.0,49.41,119.44,37.02,0.52,35.68
2019-02-26,117.0,54.83,136.81,46.58,0.58,28.01
2019-02-27,111.0,57.06,126.1,44.72,0.62,25.47
2019-02-28,112.0,50.34,127.96,37.89,0.52,29.24
2019-03-01,120.0,55.59,129.12,45.3,0.6,26.37
2019-03-02,85.0,33.05,72.5,30.47,0.44,23.5
2019-03-03,68.0,35.27,68.92,28.79,0.5,25.1
2019-03-04,80.0,40.97,95.61,34.92,0.6,33.65
2019-03-05,117.0,59.27,160.94,42.82,0.64,26.83
2019-03-06,136.0,62.5,160.54,51.51,0.74,32.22
2019-03-07,143.0,66.8,166.23,57.64,0.88,36.21
2019-03-08,143.0,66.34,154.68,45.68,0.67,32.16
2019-03-09,122.0,49.68,118.38,39.57,0.62,26.07
2019-03-10,102.0,45.2,108.68,32.1,0.44,26.28
2019-03-11,92.0,36.59,95.23,29.5,0.41,26.75
2019-03-12,97.0,40.84,105.87,30.23,0.41,29.0
2019-03-13,101.0,41.23,112.41,30.87,0.5,35.6
2019-03-14,101.0,41.63,110.33,34.6,0.44,32.13
2019-03-15,104.0,48.94,121.89,35.69,0.57,32.17
2019-03-16,101.0,39.06,110.0,31.2,0.71,33.27
2019-03-17,97.0,37.73,95.18,31.16,0.54,25.92
2019-03-18,93.0,39.82,102.44,36.09,0.57,30.19
2019-03-19,85.0,30.77,74.26,29.56,0.58,26.68
2019-03-20,86.0,41.63,94.54,30.7,0.58,27.83
2019-03-21,95.0,41.06,90.51,26.62,0.66,31.53
2019-03-22,87.0,36.35,86.97,28.41,0.59,30.83
2019-03-23,101.0,43.36,111.13,37.47,0.73,31.37
2019-03-24,111.0,50.52,118.89,36.62,0.69,34.52
2019-03-25,107.0,50.06,117.86,38.91,0.71,34.56
2019-03-26,113.0,51.5,123.44,40.1,0.74,31.57
2019-03-27,107.0,48.51,115.06,36.61,0.65,34.62
2019-03-28,114.0,55.2,136.99,40.49,0.74,36.1
2019-03-29,127.0,59.8,146.25,47.46,0.79,37.07
2019-03-30,132.0,59.21,140.7,37.75,0.81,41.34
2019-03-31,124.0,48.49,137.92,34.71,0.71,38.94
2019-04-01,106.0,37.8,115.93,36.39,0.56,36.69
2019-04-02,114.0,43.82,119.4,35.96,0.59,40.44
2019-04-03,106.0,45.6,116.3,34.95,0.67,36.41
2019-04-04,102.0,39.01,104.02,32.84,0.58,34.99
2019-04-05,93.0,31.28,84.24,27.38,0.46,53.76
2019-04-06,89.0,37.69,80.2,34.78,0.57,43.5
2019-04-07,78.0,33.48,79.56,25.54,0.48,41.68
2019-04-08,80.0,33.08,85.8,34.43,0.68,34.53
2019-04-09,91.0,40.63,99.2,41.49,0.75,29.18
2019-04-10,100.0,42.14,105.98,41.35,0.77,31.83
2019-04-11,87.0,31.45,73.52,29.76,0.51,32.91
2019-04-12,82.0,36.35,98.89,32.58,0.54,42.54
2019-04-13,91.0,32.69,82.36,40.08,0.63,46.0
2019-04-14,102.0,41.0,102.32,41.38,0.67,37.66
2019-04-15,95.0,37.57,97.74,35.15,0.54,39.51
2019-04-16,104.0,39.47,111.85,34.63,0.55,47.0
2019-04-17,91.0,33.26,87.34,28.9,0.5,40.01
2019-04-18,96.0,43.07,109.83,33.19,0.61,42.42
2019-04-19,94.0,30.74,67.2,30.7,0.51,42.07
2019-04-20,69.0,25.52,60.36,28.22,0.54,37.92
2019-04-21,69.0,24.77,59.67,25.56,0.5,39.44
2019-04-22,70.0,27.5,61.15,26.94,0.53,42.82
2019-04-23,96.0,34.65,83.12,38.86,0.77,45.19
2019-04-24,92.0,29.87,81.6,32.63,0.6,46.82
2019-04-25,102.0,36.16,98.68,34.65,0.65,49.41
2019-04-26,108.0,43.87,116.45,30.94,0.6,61.91
2019-04-27,124.0,51.92,134.45,37.2,0.71,54.12
2019-04-28,112.0,41.82,112.97,27.4,0.6,46.78
2019-04-29,103.0,39.66,98.53,26.75,0.63,48.48
2019-04-30,98.0,38.87,101.79,24.08,0.58,45.87
2019-05-01,96.0,36.43,111.66,24.25,0.56,40.78
2019-05-02,111.0,38.41,141.06,26.61,0.49,41.64
2019-05-03,119.0,36.05,146.83,23.87,0.43,47.23
2019-05-04,110.0,32.12,123.19,25.55,0.48,42.01
2019-05-05,106.0,36.53,126.81,32.84,0.53,36.18
2019-05-06,118.0,43.68,135.12,41.05,0.8,33.27
2019-05-07,130.0,52.95,152.18,54.4,1.08,33.49
2019-05-08,133.0,47.23,152.96,42.65,0.78,39.92
2019-05-09,132.0,46.82,139.1,40.85,0.76,35.35
2019-05-10,125.0,46.39,139.05,44.32,0.8,35.22
2019-05-11,121.0,48.29,136.64,27.81,0.72,47.78
2019-05-12,104.0,37.24,95.62,24.18,0.59,52.22
2019-05-13,109.0,41.34,108.46,26.81,0.62,52.29
2019-05-14,98.0,38.89,105.12,24.57,0.5,55.14
2019-05-15,110.0,42.5,110.8,28.26,0.63,45.58
2019-05-16,93.0,36.62,102.17,28.08,0.61,38.79
2019-05-17,109.0,43.35,123.1,25.97,0.59,42.46
2019-05-18,112.0,48.5,144.54,29.47,0.63,37.63
2019-05-19,134.0,55.84,158.9,39.35,0.84,40.31
2019-05-20,120.0,48.9,124.74,22.09,0.58,52.92
2019-05-21,111.0,43.6,114.83,20.39,0.5,53.16
2019-05-22,109.0,36.78,94.33,22.19,0.51,56.64
2019-05-23,104.0,44.73,111.01,21.49,0.53,53.87
2019-05-24,92.0,37.62,92.55,24.68,0.63,50.74
2019-05-25,112.0,46.56,128.82,33.57,0.68,41.11
2019-05-26,124.0,49.91,144.06,44.65,0.82,36.25
2019-05-27,114.0,41.93,124.03,32.43,0.56,38.17
2019-05-28,112.0,41.88,128.79,33.95,0.6,42.15
2019-05-29,124.0,52.22,148.7,41.52,0.79,47.71
2019-05-30,119.0,42.3,120.31,23.98,0.56,55.34
2019-05-31,105.0,39.47,107.63,24.28,0.59,48.05
2019-06-01,95.0,34.95,95.7,25.81,0.54,45.42
2019-06-02,111.0,44.33,127.37,30.78,0.66,42.0
2019-06-03,91.0,27.67,71.14,19.27,0.44,39.38
2019-06-04,75.0,24.01,54.95,23.84,0.42,49.99
2019-06-05,86.0,35.63,92.7,30.32,0.61,46.52
2019-06-06,103.0,35.67,104.77,23.98,0.43,52.02
2019-06-07,89.0,28.41,68.55,22.08,0.47,59.34
2019-06-08,78.0,32.08,65.33,30.99,0.69,50.4
2019-06-09,88.0,31.14,67.58,23.4,0.45,54.96
2019-06-10,75.0,23.71,54.49,20.71,0.43,54.44
2019-06-11,60.0,12.39,38.63,19.18,0.36,38.66
2019-06-12,48.0,8.7,31.33,15.47,0.32,34.8
2019-06-13,39.0,11.21,28.99,17.24,0.32,25.66
2019-06-14,40.0,15.94,40.79,14.46,0.32,25.63
2019-06-15,55.0,22.29,62.18,13.52,0.31,25.28
2019-06-16,57.0,19.58,61.02,9.26,0.29,25.32
2019-06-17,60.0,23.78,73.19,12.02,0.32,22.92
2019-06-18,60.0,22.29,62.52,10.98,0.32,25.52
2019-06-19,60.0,21.59,63.26,11.54,0.33,26.23
2019-06-20,54.0,18.96,56.2,11.05,0.32,27.66
2019-06-21,65.0,28.11,64.68,16.83,0.42,29.42
2019-06-22,60.0,24.75,40.82,15.01,0.36,33.89
2019-06-23,60.0,26.44,48.17,19.64,0.46,25.89
2019-06-24,62.0,25.45,48.67,19.86,0.48,31.78
2019-06-25,62.0,27.0,52.03,23.58,0.56,28.48
2019-06-26,60.0,18.07,38.92,13.79,0.29,25.99
2019-06-27,38.0,9.85,25.11,11.88,0.27,26.41
2019-06-28,35.0,9.89,21.02,9.71,0.34,24.92
2019-06-29,35.0,12.75,24.02,13.54,0.34,21.45
2019-06-30,39.0,18.55,35.16,16.94,0.34,24.0
2019-07-01,44.0,18.32,38.86,14.66,0.35,21.07
2019-07-02,36.0,17.75,29.98,14.34,0.36,17.96
2019-07-03,46.0,20.08,45.27,12.48,0.35,19.24
2019-07-04,49.0,17.71,38.88,13.84,0.36,18.73
2019-07-05,46.0,16.27,33.26,13.5,0.37,17.83
2019-07-06,42.0,15.95,38.56,8.82,0.39,19.48
2019-07-07,47.0,15.22,37.91,7.09,0.36,20.16
2019-07-08,36.0,16.51,44.22,10.33,0.34,16.37
2019-07-09,43.0,15.35,34.76,10.7,0.35,16.83
2019-07-10,36.0,12.67,31.67,9.99,0.33,16.24
2019-07-11,40.0,16.54,39.46,12.01,0.35,16.63
2019-07-12,45.0,18.41,39.59,15.07,0.42,16.69
2019-07-13,46.0,12.8,34.14,12.2,0.35,17.36
2019-07-14,36.0,14.43,42.52,14.78,0.39,16.68
2019-07-15,44.0,15.96,40.84,13.46,0.39,18.62
2019-07-16,60.0,24.07,72.98,15.32,0.43,18.08
2019-07-17,68.0,22.29,61.44,13.96,0.36,22.08
2019-07-18,70.0,26.43,83.02,14.91,0.41,25.61
2019-07-19,89.0,31.27,73.21,17.52,0.46,30.58
2019-07-20,64.0,20.12,38.84,13.94,0.43,30.44
2019-07-21,54.0,14.08,36.16,13.32,0.41,25.58
2019-07-22,48.0,12.01,37.69,15.41,0.46,21.49
2019-07-23,48.0,8.13,27.42,10.58,0.35,22.08
2019-07-24,47.0,10.24,33.46,11.32,0.37,21.22
2019-07-25,49.0,12.86,34.31,12.51,0.42,18.8
2019-07-26,50.0,14.72,37.9,14.61,0.38,15.66
2019-07-27,47.0,12.96,32.82,11.87,0.36,19.4
2019-07-28,47.0,13.46,32.98,11.57,0.36,19.12
2019-07-29,42.0,8.99,24.55,11.77,0.37,18.19
2019-07-30,35.0,8.48,16.54,12.12,0.3,17.98
2019-07-31,37.0,10.95,24.67,13.33,0.37,16.46
2019-08-01,41.0,10.31,22.89,14.94,0.42,14.78
2019-08-02,37.0,8.01,14.41,13.12,0.36,13.76
2019-08-03,39.0,6.75,12.53,11.92,0.33,14.61
2019-08-04,36.0,6.24,12.61,12.57,0.3,17.5
2019-08-05,37.0,7.95,16.23,12.93,0.33,17.12
2019-08-06,51.0,10.01,21.56,15.18,0.46,13.9
2019-08-07,46.0,9.72,20.37,16.76,0.38,12.08
2019-08-08,47.0,12.45,31.7,19.4,0.42,14.47
2019-08-09,46.0,12.46,36.39,13.58,0.36,18.47
2019-08-10,45.0,11.94,36.04,15.1,0.32,19.37
2019-08-11,50.0,17.37,49.51,16.94,0.37,18.34
2019-08-12,63.0,24.17,66.23,19.45,0.45,16.93
2019-08-13,72.0,29.79,83.11,29.89,0.42,13.8
2019-08-14,75.0,23.12,65.91,25.02,0.36,16.9
2019-08-15,58.0,19.11,52.66,21.68,0.31,15.36
2019-08-16,53.0,17.17,56.16,24.22,0.38,14.63
2019-08-17,69.0,23.03,78.62,24.44,0.38,17.03
2019-08-18,89.0,29.92,96.6,32.88,0.42,14.02
2019-08-19,85.0,25.94,75.83,30.57,0.37,15.29
2019-08-20,82.0,31.38,86.73,29.66,0.48,13.77
2019-08-21,75.0,27.23,79.58,23.96,0.53,15.79
2019-08-22,67.0,20.35,56.42,19.28,0.52,18.38
2019-08-23,65.0,23.71,61.82,16.82,0.43,18.8
2019-08-24,51.0,14.82,48.14,16.19,0.28,19.58
2019-08-25,51.0,14.89,36.89,17.27,0.37,20.59
2019-08-26,52.0,17.16,51.14,19.36,0.38,19.4
2019-08-27,65.0,18.86,65.41,15.9,0.38,22.29
2019-08-28,68.0,19.35,62.16,16.68,0.37,23.02
2019-08-29,65.0,16.92,53.81,17.85,0.42,17.91
2019-08-30,54.0,16.5,35.21,16.99,0.4,17.16
2019-08-31,41.0,13.98,26.77,15.96,0.38,13.47
2019-09-01,44.0,11.85,19.79,12.75,0.4,14.1
2019-09-02,38.0,15.72,31.72,11.79,0.38,14.05
2019-09-03,38.0,12.92,25.24,12.69,0.36,12.22
2019-09-04,35.0,12.2,22.06,12.34,0.38,13.7
2019-09-05,32.0,11.14,23.81,15.09,0.3,16.22
2019-09-06,34.0,11.92,26.23,12.37,0.28,14.98
2019-09-07,32.0,13.65,26.13,12.65,0.3,14.41
2019-09-08,33.0,10.31,23.28,11.43,0.31,17.15
2019-09-09,36.0,13.26,31.13,13.38,0.34,14.98
2019-09-10,39.0,14.98,39.67,13.26,0.31,16.46
2019-09-11,50.0,18.19,52.44,16.45,0.35,15.16
2019-09-12,57.0,21.73,54.59,14.72,0.31,14.9
2019-09-13,49.0,16.32,39.18,13.08,0.34,15.49
2019-09-14,48.0,18.39,43.73,15.41,0.36,16.87
2019-09-15,61.0,22.47,44.63,16.52,0.52,20.97
2019-09-16,65.0,28.23,63.7,15.93,0.38,17.92
2019-09-17,65.0,28.85,65.7,14.76,0.4,17.67
2019-09-18,65.0,25.01,47.59,22.53,0.51,25.02
2019-09-19,56.0,25.6,42.83,21.02,0.53,16.82
2019-09-20,53.0,20.54,35.92,21.37,0.48,16.03
2019-09-21,61.0,25.81,56.75,19.01,0.46,16.68
2019-09-22,61.0,27.01,56.52,22.14,0.48,19.56
2019-09-23,65.0,32.95,62.68,25.85,0.63,16.62
2019-09-24,60.0,28.07,45.66,25.87,0.5,18.13
2019-09-25,49.0,22.37,34.73,21.84,0.45,17.82
2019-09-26,53.0,20.4,37.11,15.21,0.44,16.42
2019-09-27,38.0,15.49,30.07,14.23,0.33,14.37
2019-09-28,44.0,25.85,47.6,15.5,0.4,17.95
2019-09-29,63.0,33.27,65.29,21.56,0.62,15.67
2019-09-30,75.0,41.11,65.51,28.89,0.82,13.19
2019-10-01,87.0,39.12,62.5,21.75,0.67,17.28
2019-10-02,72.0,31.98,69.4,21.43,0.53,19.45
2019-10-03,85.0,32.24,72.14,24.9,0.59,18.98
2019-10-04,81.0,34.73,70.39,24.27,0.65,20.09
2019-10-05,71.0,40.22,75.69,26.37,0.61,20.03
2019-10-06,82.0,42.99,65.7,26.42,0.62,20.61
2019-10-07,86.0,50.79,81.52,23.98,0.57,24.25
2019-10-08,95.0,56.9,83.53,21.05,0.57,23.99
2019-10-09,92.0,54.17,79.18,25.34,0.66,23.27
2019-10-10,80.0,39.07,64.26,32.44,0.63,19.34
2019-10-11,70.0,34.57,56.51,26.75,0.55,25.15
2019-10-12,67.0,34.91,61.3,27.6,0.56,24.66
2019-10-13,70.0,36.35,61.96,24.49,0.58,24.03
2019-10-14,88.0,53.22,94.89,24.54,0.56,21.06
2019-10-15,98.0,52.62,100.99,23.13,0.54,23.86
2019-10-16,98.0,59.41,104.37,28.52,0.67,25.33
2019-10-17,117.0,48.12,94.64,27.32,0.63,17.79
2019-10-18,64.0,24.3,52.38,20.85,0.5,18.67
2019-10-19,54.0,22.92,54.35,21.67,0.48,21.13
2019-10-20,63.0,28.04,51.18,23.54,0.62,18.41
2019-10-21,53.0,22.03,46.72,21.12,0.51,20.2
2019-10-22,71.0,41.03,71.08,27.1,0.65,14.93
2019-10-23,78.0,37.8,70.86,23.75,0.57,14.48
2019-10-24,72.0,22.53,43.48,19.81,0.6,12.59
2019-10-25,51.0,23.54,56.62,22.14,0.49,13.74
2019-10-26,52.0,18.81,42.64,18.42,0.44,15.61
2019-10-27,59.0,40.65,51.1,21.39,0.45,17.96
2019-10-28,126.0,64.09,94.5,24.01,0.59,20.95
2019-10-29,94.0,42.04,74.5,25.96,0.64,19.55
2019-10-30,82.0,40.41,72.97,26.24,0.98,19.73
2019-10-31,76.0,21.39,51.57,19.89,0.86,20.34
2019-11-01,54.0,22.51,54.11,20.95,0.46,19.96
2019-11-02,66.0,29.98,70.0,25.34,0.61,20.79
2019-11-03,84.0,37.22,84.04,22.49,0.59,23.74
2019-11-04,96.0,57.61,115.79,25.82,0.64,27.88
2019-11-05,155.0,84.85,157.6,36.15,0.75,28.26
2019-11-06,177.0,84.0,155.75,35.47,0.85,27.88
2019-11-07,155.0,70.7,125.56,27.89,0.65,31.05
2019-11-08,131.0,69.8,129.17,29.95,0.71,28.77
2019-11-09,156.0,81.35,146.94,29.9,0.67,32.63
2019-11-10,169.0,72.38,133.78,28.07,0.57,38.45
2019-11-11,122.0,60.06,122.21,30.62,0.64,27.21
2019-11-12,104.0,56.27,111.69,27.67,0.48,32.11
2019-11-13,123.0,62.64,120.38,32.29,0.55,34.16
2019-11-14,125.0,67.77,124.6,28.91,0.6,34.65
2019-11-15,127.0,69.15,130.32,34.06,0.67,30.76
2019-11-16,141.0,66.42,134.25,33.39,0.67,30.5
2019-11-17,131.0,70.79,135.59,30.37,0.66,34.73
2019-11-18,145.0,76.03,153.76,35.4,0.71,41.27
2019-11-19,165.0,82.72,159.66,32.85,0.68,44.86
2019-11-20,181.0,84.11,153.06,38.32,0.69,35.3
2019-11-21,161.0,78.63,137.03,38.44,0.7,30.22
2019-11-22,161.0,76.7,143.27,40.26,0.76,29.72
2019-11-23,159.0,75.82,146.29,42.14,0.77,26.43
2019-11-24,156.0,80.31,147.9,38.39,0.79,30.62
2019-11-25,163.0,86.18,152.32,35.5,0.72,32.54
2019-11-26,176.0,80.88,147.41,31.01,0.7,32.79
2019-11-27,154.0,71.3,141.73,38.76,0.85,28.08
2019-11-28,146.0,74.49,141.9,49.64,0.88,27.41
2019-11-29,129.0,62.42,117.76,44.76,0.79,28.58
2019-11-30,127.0,63.81,129.5,40.93,0.79,24.91
2019-12-01,127.0,61.97,115.41,32.04,0.7,23.4
2019-12-02,92.0,45.57,78.45,26.88,0.61,22.17
2019-12-03,75.0,47.66,80.56,36.08,0.75,20.1
2019-12-04,144.0,79.37,134.99,38.31,0.81,30.71
2019-12-05,172.0,82.44,152.49,47.96,0.92,27.09
2019-12-06,178.0,85.82,164.16,46.9,0.86,30.81
2019-12-07,186.0,83.29,152.67,49.14,0.82,33.25
2019-12-08,156.0,67.07,126.99,42.75,0.83,27.28
2019-12-09,119.0,57.77,111.21,41.58,0.89,24.99
2019-12-10,117.0,58.14,116.77,43.91,0.86,24.18
2019-12-11,125.0,64.73,122.45,45.83,0.92,26.62
2019-12-12,125.0,55.77,109.27,44.15,0.78,23.84
2019-12-13,85.0,31.86,69.75,32.41,0.61,26.76
2019-12-14,78.0,40.8,83.56,35.37,0.67,26.37
2019-12-15,87.0,43.43,78.64,31.45,0.66,27.3
2019-12-16,96.0,50.84,100.38,39.89,0.75,25.47
2019-12-17,120.0,69.16,129.71,45.94,0.84,24.37
2019-12-18,150.0,75.72,146.93,48.4,0.91,24.3
2019-12-19,147.0,75.66,147.41,45.84,0.92,25.57
2019-12-20,151.0,78.86,152.23,52.39,1.0,25.49
2019-12-21,172.0,82.1,156.27,45.79,0.84,31.18
2019-12-22,166.0,77.15,141.72,41.34,0.66,28.57
2019-12-23,157.0,74.42,132.56,41.57,0.73,30.37
2019-12-24,130.0,62.38,109.07,34.51,0.63,32.49
2019-12-25,131.0,72.06,123.2,33.0,0.74,34.33
2019-12-26,128.0,62.79,114.8,33.93,0.75,29.67
2019-12-27,119.0,56.3,119.06,36.66,0.73,26.83
2019-12-28,130.0,73.73,141.13,39.62,0.72,31.39
2019-12-29,158.0,80.23,149.05,44.53,0.79,32.58
2019-12-30,143.0,72.02,127.34,36.32,0.81,36.01
2019-12-31,107.0,47.37,82.17,30.94,0.68,30.96
2020-01-01,82.0,41.19,69.42,25.88,0.65,28.71
2020-01-02,64.0,30.8,56.0,27.43,0.61,22.23
2020-01-03,64.0,33.09,57.88,25.24,0.57,22.63
2020-01-04,87.0,57.96,106.32,29.78,0.7,27.61
2020-01-05,112.0,64.52,113.98,34.05,0.57,29.06
2020-01-06,125.0,56.86,101.12,36.85,0.75,26.58
2020-01-07,93.0,51.1,89.73,30.38,0.6,27.64
2020-01-08,82.0,40.04,74.46,25.03,0.45,26.31
2020-01-09,84.0,46.45,88.34,29.5,0.52,20.13
2020-01-10,123.0,74.35,129.65,29.58,0.52,30.67
2020-01-11,149.0,74.55,141.86,41.69,0.62,29.76
2020-01-12,140.0,67.37,137.74,42.49,0.57,29.52
2020-01-13,128.0,65.69,135.4,46.15,0.61,32.27
2020-01-14,134.0,72.24,139.44,40.97,0.63,41.27
2020-01-15,119.0,50.23,86.93,25.29,0.42,36.53
2020-01-16,76.0,35.28,65.41,22.05,0.38,33.42
2020-01-17,66.0,31.16,63.66,27.84,0.44,25.51
2020-01-18,69.0,35.01,74.36,29.5,0.48,25.43
2020-01-19,74.0,34.14,71.2,27.74,0.43,25.09
2020-01-20,77.0,39.98,83.38,30.46,0.47,25.95
2020-01-21,84.0,37.27,89.76,32.37,0.46,28.47
2020-01-22,84.0,38.79,85.47,31.8,0.48,27.79
2020-01-23,106.0,56.38,115.76,43.87,0.62,23.8
2020-01-24,125.0,63.09,128.53,49.49,0.66,21.9
2020-01-25,133.0,67.01,141.41,47.05,0.7,24.01
2020-01-26,131.0,62.52,138.48,43.0,0.63,26.27
2020-01-27,128.0,57.99,119.51,38.53,0.56,29.09
2020-01-28,107.0,51.37,105.71,29.77,0.45,36.31
2020-01-29,128.0,58.15,132.5,38.77,0.56,27.33
2020-01-30,126.0,68.2,149.58,36.66,0.57,32.23
2020-01-31,141.0,59.22,131.21,38.18,0.47,33.28
2020-02-01,99.0,38.88,83.63,40.69,0.4,23.6
2020-02-02,77.0,40.2,86.11,29.28,0.45,22.37
2020-02-03,76.0,36.94,79.23,30.21,0.42,19.82
2020-02-04,71.0,27.77,68.94,31.23,0.42,22.31
2020-02-05,70.0,32.73,79.91,34.88,0.44,20.87
2020-02-06,80.0,30.56,83.58,41.17,0.4,22.55
2020-02-07,80.0,32.21,85.67,28.37,0.39,28.54
2020-02-08,79.0,38.5,82.42,28.55,0.45,22.27
2020-02-09,82.0,41.49,67.47,27.11,0.49,17.12
2020-02-10,68.0,39.28,71.1,29.29,0.48,24.04
2020-02-11,75.0,42.7,80.0,29.93,0.49,30.41
2020-02-12,94.0,56.38,105.86,36.64,0.6,27.5
2020-02-13,122.0,61.85,130.5,43.3,0.6,28.73
2020-02-14,146.0,74.29,149.4,60.15,0.85,25.32
2020-02-15,154.0,66.96,142.86,57.58,0.8,27.56
2020-02-16,140.0,65.61,134.24,43.19,0.56,34.95
2020-02-17,126.0,59.75,138.05,44.99,0.63,29.88
2020-02-18,116.0,45.93,120.32,47.25,0.57,29.11
2020-02-19,112.0,49.6,116.05,44.57,0.58,32.27
2020-02-20,97.0,45.57,94.57,27.45,0.41,31.14
2020-02-21,86.0,35.27,76.37,22.96,0.35,32.66
2020-02-22,72.0,28.81,77.15,27.78,0.37,28.48
2020-02-23,68.0,25.6,64.14,24.85,0.39,29.68
2020-02-24,70.0,32.51,77.92,27.31,0.46,32.78
2020-02-25,86.0,42.14,107.78,28.15,0.46,31.4
2020-02-26,112.0,55.84,134.28,34.26,0.51,34.42
2020-02-27,108.0,38.49,108.25,33.43,0.41,36.84
2020-02-28,97.0,40.35,103.27,29.75,0.43,35.27
2020-02-29,91.0,42.44,94.49,25.56,0.51,33.3
2020-03-01,92.0,43.21,93.93,27.41,0.58,33.69
2020-03-02,95.0,48.6,98.66,31.95,0.59,29.23
2020-03-03,97.0,49.59,101.91,27.73,0.52,29.24
2020-03-04,106.0,46.51,109.13,29.56,0.52,26.06
2020-03-05,113.0,57.23,135.4,37.61,0.64,29.33
2020-03-06,100.0,33.87,85.6,23.4,0.44,21.86
2020-03-07,85.0,38.58,92.91,25.4,0.46,23.93
2020-03-08,77.0,33.94,68.49,22.05,0.46,23.97
2020-03-09,70.0,32.84,75.09,22.79,0.5,18.94
2020-03-10,65.0,25.67,60.08,21.21,0.44,21.56
2020-03-11,62.0,29.93,75.82,26.85,0.48,21.78
2020-03-12,78.0,31.53,86.96,30.61,0.58,21.14
2020-03-13,79.0,27.51,78.19,25.71,0.46,20.64
2020-03-14,75.0,33.45,83.27,28.19,0.53,20.47
2020-03-15,82.0,32.03,81.84,27.55,0.49,22.61
2020-03-16,71.0,27.86,68.18,28.5,0.53,19.88
2020-03-17,67.0,25.08,69.94,29.65,0.47,20.94
2020-03-18,67.0,26.32,68.45,31.53,0.51,20.74
2020-03-19,87.0,43.39,97.86,33.52,0.68,24.86
2020-03-20,79.0,33.71,72.83,25.04,0.52,29.44
2020-03-21,84.0,39.85,103.66,24.68,0.57,28.78
2020-03-22,102.0,38.0,85.6,20.45,0.49,26.93
2020-03-23,73.0,37.97,72.32,14.21,0.46,28.82
2020-03-24,66.0,28.75,59.24,12.33,0.4,28.26
2020-03-25,60.0,28.47,59.28,12.7,0.4,28.67
2020-03-26,59.0,29.0,60.99,12.23,0.37,29.13
2020-03-27,65.0,34.09,67.6,12.16,0.36,33.42
2020-03-28,70.0,36.17,67.08,11.67,0.39,36.97
2020-03-29,75.0,42.07,75.41,19.37,0.47,36.94
2020-03-30,72.0,34.79,65.96,19.35,0.41,36.78
2020-03-31,68.0,42.42,72.92,19.9,0.49,37.4
2020-04-01,87.0,47.96,83.65,19.98,0.65,35.46
2020-04-02,88.0,48.05,80.7,19.75,0.55,33.65
2020-04-03,73.0,38.13,69.42,18.95,0.51,31.37
2020-04-04,67.0,37.34,72.16,21.26,0.5,26.57
2020-04-05,66.0,30.18,57.17,16.71,0.44,27.81
2020-04-06,64.0,27.87,64.99,18.52,0.66,25.48
2020-04-07,77.0,19.76,39.6,22.67,0.8,34.09
2020-04-08,56.0,19.94,43.45,20.46,0.41,36.03
2020-04-09,59.0,29.36,61.5,25.74,0.51,29.65
2020-04-10,62.0,18.95,36.93,31.96,0.52,28.05
2020-04-11,55.0,23.99,43.01,27.24,0.38,23.3
2020-04-12,61.0,33.4,59.02,21.68,0.4,24.1
2020-04-13,68.0,35.21,66.35,18.03,0.41,29.34
2020-04-14,74.0,38.07,78.8,19.72,0.38,33.8
2020-04-15,74.0,33.99,68.75,18.3,0.41,34.56
2020-04-16,70.0,37.13,68.87,18.82,0.49,33.93
2020-04-17,74.0,38.44,75.93,21.35,0.51,29.02
2020-04-18,75.0,35.67,63.08,25.01,0.5,24.66
2020-04-19,67.0,30.21,61.21,24.42,0.38,24.31
2020-04-20,58.0,26.47,57.08,25.39,0.38,21.8
2020-04-21,54.0,22.83,42.44,29.99,0.5,20.2
2020-04-22,50.0,25.12,46.3,26.18,0.39,23.58
2020-04-23,53.0,27.57,62.7,24.7,0.45,23.42
2020-04-24,63.0,28.99,54.72,22.09,0.44,23.95
2020-04-25,62.0,31.76,72.38,24.4,0.46,24.59
2020-04-26,71.0,29.9,59.77,20.64,0.42,25.52
2020-04-27,56.0,23.51,56.45,21.98,0.44,26.87
2020-04-28,56.0,23.36,53.68,19.73,0.39,23.68
2020-04-29,51.0,16.03,37.73,22.21,0.41,29.77
2020-04-30,59.0,21.12,54.39,24.27,0.6,32.53
2020-05-01,67.0,22.69,53.46,22.43,0.64,27.21
2020-05-02,54.0,24.62,51.4,25.22,0.54,30.87
2020-05-03,70.0,33.03,80.72,26.32,0.49,30.42
2020-05-04,77.0,28.18,69.69,22.57,0.48,32.53
2020-05-05,71.0,31.36,75.39,24.86,0.45,32.74
2020-05-06,73.0,25.18,59.71,21.51,0.52,31.28
2020-05-07,59.0,26.84,58.71,21.67,0.41,26.6
2020-05-08,65.0,27.46,66.53,22.97,0.45,29.18
2020-05-09,69.0,29.56,61.16,21.1,0.37,31.69
2020-05-10,65.0,28.15,47.77,26.08,0.43,26.82
2020-05-11,83.0,38.65,82.55,30.29,0.53,27.77
2020-05-12,74.0,32.09,62.6,27.82,0.47,24.41
2020-05-13,64.0,24.1,54.77,24.07,0.38,25.87
2020-05-14,60.0,25.06,53.65,21.85,0.35,25.8
2020-05-15,60.0,24.12,56.89,23.33,0.34,27.84
2020-05-16,67.0,27.65,61.38,26.37,0.46,30.88
2020-05-17,70.0,32.47,72.72,28.5,0.49,31.95
2020-05-18,72.0,31.05,71.9,27.66,0.43,35.11
2020-05-19,93.0,42.41,122.45,30.17,0.52,33.8
2020-05-20,106.0,36.62,134.25,31.45,0.44,29.47
2020-05-21,109.0,31.59,118.03,33.69,0.43,32.1
2020-05-22,114.0,39.91,137.19,38.9,0.68,28.72
2020-05-23,122.0,44.09,147.59,35.83,0.62,35.2
2020-05-24,116.0,41.03,124.09,26.38,0.52,43.37
2020-05-25,102.0,33.07,97.27,22.72,0.44,38.23
2020-05-26,89.0,32.51,85.85,23.19,0.45,37.5
2020-05-27,87.0,28.66,90.2,24.26,0.44,40.38
2020-05-28,86.0,26.7,96.67,26.37,0.41,32.09
2020-05-29,84.0,21.07,79.56,24.05,0.34,30.78
2020-05-30,65.0,18.56,60.6,23.9,0.33,32.56
2020-05-31,67.0,25.17,60.07,27.75,0.43,25.41
2020-06-01,55.0,30.0,54.63,30.48,0.42,30.2
2020-06-02,79.0,16.47,31.29,23.75,0.33,29.86
2020-06-03,38.0,11.74,24.32,20.72,0.34,18.84
2020-06-04,33.0,13.93,28.72,18.89,0.3,21.39
2020-06-05,38.0,19.57,52.74,22.78,0.3,20.05
2020-06-06,58.0,23.02,74.58,20.88,0.29,17.59
2020-06-07,64.0,19.49,59.86,18.0,0.3,17.98
2020-06-08,54.0,20.2,68.79,19.5,0.32,16.57
2020-06-09,57.0,17.96,56.02,19.43,0.31,20.04
2020-06-10,48.0,20.26,42.43,21.57,0.28,17.59
2020-06-11,42.0,19.96,45.14,23.97,0.27,13.48
2020-06-12,42.0,17.19,35.96,21.01,0.28,15.47
2020-06-13,38.0,9.87,23.48,19.35,0.29,16.2
2020-06-14,32.0,9.8,22.79,19.97,0.26,17.74
2020-06-15,33.0,13.53,31.78,19.95,0.31,15.24
2020-06-16,31.0,10.31,20.76,17.7,0.31,13.05
2020-06-17,29.0,10.31,20.97,18.86,0.28,14.37
2020-06-18,30.0,14.04,33.09,18.92,0.26,13.99
2020-06-19,37.0,20.19,55.14,20.73,0.27,12.04
2020-06-20,52.0,22.5,63.77,19.96,0.26,13.86
2020-06-21,56.0,24.0,72.01,21.8,0.25,14.47
2020-06-22,60.0,22.91,68.3,21.71,0.26,15.94
2020-06-23,51.0,22.36,56.6,22.45,0.32,16.49
2020-06-24,51.0,21.25,45.4,24.72,0.36,20.81
2020-06-25,52.0,22.41,46.29,25.42,0.35,23.48
2020-06-26,52.0,27.05,54.96,21.78,0.34,24.41
2020-06-27,58.0,23.29,44.2,22.64,0.36,24.22
2020-06-28,49.0,15.8,32.18,22.73,0.36,22.25
2020-06-29,47.0,20.24,44.74,27.59,0.38,19.98
2020-06-30,46.0,19.38,41.95,24.58,0.39,17.4
2020-07-01,48.0,26.83,66.5,27.18,0.43,13.2
